Procedure,Time (ms),Force (kg),Target (kg),In Range
DynoBlock,21639,0.003,2.5,False
DynoBlock,21772.3333333333,0.005,2.5,False
DynoBlock,21905.6666666667,0.019,2.5,False
DynoBlock,22039,0,2.5,False
DynoBlock,22172.3333333333,0.007,2.5,False
DynoBlock,22305.6666666666,0.021,2.5,False
DynoBlock,22439,0.011,2.5,False
DynoBlock,22572.3333333333,0.015,2.5,False
DynoBlock,22705.6666666666,0.007,2.5,False
DynoBlock,22839,0.003,2.5,False
DynoBlock,22972.3333333333,0.013,2.5,False
DynoBlock,23105.6666666666,0.011,2.5,False
DynoBlock,23238.9999999999,0.009,2.5,False
DynoBlock,23372.3333333333,0.023,2.5,False
DynoBlock,23505.6666666666,0.013,2.5,False
DynoBlock,23638.9999999999,0.002,2.5,False
DynoBlock,23772.3333333333,0.015,2.5,False
DynoBlock,23905.6666666666,0.019,2.5,False
DynoBlock,24038.9999999999,0.009,2.5,False
DynoBlock,24172.3333333332,0.005,2.5,False
DynoBlock,24305.6666666666,0.017,2.5,False
DynoBlock,24438.9999999999,0.015,2.5,False
DynoBlock,24572.3333333332,0.019,2.5,False
DynoBlock,24705.6666666666,0.021,2.5,False
DynoBlock,24838.9999999999,0.002,2.5,False
DynoBlock,24972.3333333332,0.003,2.5,False
DynoBlock,25105.6666666665,0.015,2.5,False
DynoBlock,25238.9999999999,0.011,2.5,False
DynoBlock,25372.3333333332,0.013,2.5,False
DynoBlock,25505.6666666665,0.017,2.5,False
DynoBlock,25638.9999999999,0.003,2.5,False
DynoBlock,25772.3333333332,0.017,2.5,False
DynoBlock,25905.6666666665,0.011,2.5,False
DynoBlock,26038.9999999998,0.003,2.5,False
DynoBlock,26172.3333333332,0.007,2.5,False
DynoBlock,26305.6666666665,0.009,2.5,False
DynoBlock,26438.9999999998,0.009,2.5,False
DynoBlock,26572.3333333332,0.019,2.5,False
DynoBlock,26705.6666666665,0.023,2.5,False
DynoBlock,26838.9999999998,0.011,2.5,False
DynoBlock,26972.3333333331,0.011,2.5,False
DynoBlock,27105.6666666665,0.015,2.5,False
DynoBlock,27238.9999999998,0.002,2.5,False
DynoBlock,27372.3333333331,0.019,2.5,False
DynoBlock,27505.6666666665,0.023,2.5,False
DynoBlock,27638.9999999998,0.013,2.5,False
DynoBlock,27772.3333333331,0.019,2.5,False
DynoBlock,27905.6666666664,0.029,2.5,False
DynoBlock,28038.9999999998,0.011,2.5,False
DynoBlock,28172.3333333331,0.005,2.5,False
DynoBlock,28305.6666666664,0.017,2.5,False
DynoBlock,28438.9999999998,0.019,2.5,False
DynoBlock,28572.3333333331,0.019,2.5,False
DynoBlock,28705.6666666664,0.009,2.5,False
DynoBlock,28838.9999999997,0.002,2.5,False
DynoBlock,28972.3333333331,0.015,2.5,False
DynoBlock,29105.6666666664,0.015,2.5,False
DynoBlock,29238.9999999997,0,2.5,False
DynoBlock,29372.3333333331,0.013,2.5,False
DynoBlock,29505.6666666664,0.021,2.5,False
DynoBlock,29638.9999999997,0.015,2.5,False
DynoBlock,29772.333333333,0.011,2.5,False
DynoBlock,29905.6666666664,0.017,2.5,False
DynoBlock,30038.9999999997,0.002,2.5,False
DynoBlock,30172.333333333,0.009,2.5,False
DynoBlock,30305.6666666664,0.023,2.5,False
DynoBlock,30438.9999999997,0.011,2.5,False
DynoBlock,30572.333333333,0.013,2.5,False
DynoBlock,30705.6666666663,0.019,2.5,False
DynoBlock,30838.9999999997,0.013,2.5,False
DynoBlock,30972.333333333,0,2.5,False
DynoBlock,31105.6666666663,0.017,2.5,False
DynoBlock,31238.9999999997,0.011,2.5,False
DynoBlock,31372.333333333,0,2.5,False
DynoBlock,31505.6666666663,0.023,2.5,False
DynoBlock,31638.9999999996,0.021,2.5,False
DynoBlock,31772.333333333,0.002,2.5,False
DynoBlock,31905.6666666663,0.007,2.5,False
DynoBlock,32038.9999999996,0.005,2.5,False
DynoBlock,32172.333333333,0.015,2.5,False
DynoBlock,32305.6666666663,0.027,2.5,False
DynoBlock,32438.9999999996,0.011,2.5,False
DynoBlock,32572.3333333329,0.011,2.5,False
DynoBlock,32705.6666666663,0.015,2.5,False
DynoBlock,32838.9999999996,0,2.5,False
DynoBlock,32972.3333333329,0.019,2.5,False
DynoBlock,33105.6666666663,0.025,2.5,False
DynoBlock,33238.9999999996,0.007,2.5,False
DynoBlock,33372.333333333,0,2.5,False
DynoBlock,33505.6666666663,0.017,2.5,False
DynoBlock,33638.9999999997,0.009,2.5,False
DynoBlock,33772.333333333,0.013,2.5,False
DynoBlock,33905.6666666663,0.025,2.5,False
DynoBlock,34038.9999999997,0.011,2.5,False
DynoBlock,34172.333333333,0.002,2.5,False
DynoBlock,34305.6666666664,0.027,2.5,False
DynoBlock,34438.9999999997,0.021,2.5,False
DynoBlock,34572.3333333331,0.002,2.5,False
DynoBlock,34705.6666666664,0.011,2.5,False
DynoBlock,34838.9999999997,0.019,2.5,False
DynoBlock,34972.3333333331,0.013,2.5,False
DynoBlock,35105.6666666664,0.025,2.5,False
DynoBlock,35238.9999999998,0.015,2.5,False
DynoBlock,35372.3333333331,0.007,2.5,False
DynoBlock,35505.6666666665,0.017,2.5,False
DynoBlock,35638.9999999998,0.002,2.5,False
DynoBlock,35772.3333333331,0.002,2.5,False
DynoBlock,35905.6666666665,0.023,2.5,False
DynoBlock,36038.9999999998,0.015,2.5,False
DynoBlock,36172.3333333332,0.015,2.5,False
DynoBlock,36305.6666666665,0.031,2.5,False
