Procedure,Time (ms),Force (kg),Target (kg),In Range
DynoBlock,15719,0,2.5,False
DynoBlock,15852.3333333333,0,2.5,False
DynoBlock,15985.6666666667,0,2.5,False
DynoBlock,16119,0,2.5,False
DynoBlock,16252.3333333333,0,2.5,False
DynoBlock,16385.6666666667,0,2.5,False
DynoBlock,16519,0,2.5,False
DynoBlock,16652.3333333333,0,2.5,False
DynoBlock,16785.6666666667,0,2.5,False
DynoBlock,16919,0,2.5,False
DynoBlock,17052.3333333333,0,2.5,False
DynoBlock,17185.6666666667,0,2.5,False
DynoBlock,17319,0,2.5,False
DynoBlock,17452.3333333333,0,2.5,False
DynoBlock,17585.6666666666,0,2.5,False
DynoBlock,17719,0,2.5,False
DynoBlock,17852.3333333333,0,2.5,False
DynoBlock,17985.6666666666,0,2.5,False
DynoBlock,18118.9999999999,0,2.5,False
DynoBlock,18252.3333333333,0,2.5,False
DynoBlock,18385.6666666666,0,2.5,False
DynoBlock,18518.9999999999,0,2.5,False
DynoBlock,18652.3333333333,0,2.5,False
DynoBlock,18785.6666666666,0,2.5,False
DynoBlock,18918.9999999999,0,2.5,False
DynoBlock,19052.3333333332,0,2.5,False
DynoBlock,19185.6666666666,0,2.5,False
DynoBlock,19318.9999999999,0,2.5,False
DynoBlock,19452.3333333332,0,2.5,False
DynoBlock,19585.6666666666,0.197,2.5,False
DynoBlock,19718.9999999999,0.195,2.5,False
DynoBlock,19852.3333333332,0.181,2.5,False
DynoBlock,19985.6666666665,0.193,2.5,False
DynoBlock,20118.9999999999,0.195,2.5,False
DynoBlock,20252.3333333332,0.189,2.5,False
DynoBlock,20385.6666666665,0.187,2.5,False
DynoBlock,20518.9999999999,0.204,2.5,False
DynoBlock,20652.3333333332,0.185,2.5,False
DynoBlock,20785.6666666665,0.177,2.5,False
DynoBlock,20918.9999999998,0.195,2.5,False
DynoBlock,21052.3333333332,0.201,2.5,False
DynoBlock,21185.6666666665,0.181,2.5,False
DynoBlock,21318.9999999998,0.183,2.5,False
DynoBlock,21452.3333333332,0.203,2.5,False
DynoBlock,21585.6666666665,0.183,2.5,False
DynoBlock,21718.9999999998,0.183,2.5,False
DynoBlock,21852.3333333331,0.201,2.5,False
DynoBlock,21985.6666666665,0.187,2.5,False
DynoBlock,22118.9999999998,0.189,2.5,False
DynoBlock,22252.3333333331,0.197,2.5,False
DynoBlock,22385.6666666665,0.193,2.5,False
DynoBlock,22518.9999999998,0.191,2.5,False
DynoBlock,22652.3333333331,0.183,2.5,False
DynoBlock,22785.6666666664,0.191,2.5,False
DynoBlock,22918.9999999998,0.199,2.5,False
DynoBlock,23052.3333333331,0.187,2.5,False
DynoBlock,23185.6666666664,0.193,2.5,False
DynoBlock,23318.9999999998,0.193,2.5,False
DynoBlock,23452.3333333331,0.187,2.5,False
DynoBlock,23585.6666666664,0.189,2.5,False
DynoBlock,23718.9999999997,0.206,2.5,False
DynoBlock,23852.3333333331,0.187,2.5,False
DynoBlock,23985.6666666664,0.185,2.5,False
DynoBlock,24118.9999999997,0.203,2.5,False
DynoBlock,24252.3333333331,0.197,2.5,False
DynoBlock,24385.6666666664,0.177,2.5,False
DynoBlock,24518.9999999997,0.193,2.5,False
DynoBlock,24652.333333333,0.21,2.5,False
DynoBlock,24785.6666666664,0.187,2.5,False
DynoBlock,24918.9999999997,0.187,2.5,False
DynoBlock,25052.333333333,0.199,2.5,False
DynoBlock,25185.6666666664,0.193,2.5,False
DynoBlock,25318.9999999997,0.197,2.5,False
DynoBlock,25452.333333333,0.203,2.5,False
DynoBlock,25585.6666666663,0.183,2.5,False
DynoBlock,25718.9999999997,0.201,2.5,False
DynoBlock,25852.333333333,0.197,2.5,False
DynoBlock,25985.6666666663,0.185,2.5,False
DynoBlock,26118.9999999997,0.195,2.5,False
DynoBlock,26252.333333333,0.189,2.5,False
DynoBlock,26385.6666666663,0.195,2.5,False
DynoBlock,26518.9999999996,0.191,2.5,False
DynoBlock,26652.333333333,0.189,2.5,False
DynoBlock,26785.6666666663,0.189,2.5,False
DynoBlock,26918.9999999996,0.199,2.5,False
DynoBlock,27052.333333333,0.191,2.5,False
DynoBlock,27185.6666666663,0.183,2.5,False
DynoBlock,27318.9999999996,0.203,2.5,False
DynoBlock,27452.3333333329,0.191,2.5,False
DynoBlock,27585.6666666663,0.197,2.5,False
DynoBlock,27718.9999999996,0.191,2.5,False
DynoBlock,27852.3333333329,0.193,2.5,False
DynoBlock,27985.6666666663,0.175,2.5,False
DynoBlock,28118.9999999996,0.195,2.5,False
DynoBlock,28252.3333333329,0.203,2.5,False
DynoBlock,28385.6666666662,0.183,2.5,False
DynoBlock,28518.9999999996,0.191,2.5,False
DynoBlock,28652.3333333329,0.204,2.5,False
DynoBlock,28785.6666666662,0.191,2.5,False
DynoBlock,28918.9999999996,0.206,2.5,False
DynoBlock,29052.3333333329,0.193,2.5,False
DynoBlock,29185.6666666662,0.173,2.5,False
DynoBlock,29318.9999999995,0.197,2.5,False
DynoBlock,29452.3333333329,0.201,2.5,False
DynoBlock,29585.6666666662,0.181,2.5,False
DynoBlock,29718.9999999995,0.189,2.5,False
DynoBlock,29852.3333333329,0.189,2.5,False
DynoBlock,29985.6666666662,0.187,2.5,False
DynoBlock,30118.9999999995,0.203,2.5,False
DynoBlock,30252.3333333328,0.195,2.5,False
DynoBlock,30385.6666666662,0.195,2.5,False
DynoBlock,30518.9999999995,0.193,2.5,False
DynoBlock,30652.3333333328,0.208,2.5,False
RestBlock,30752.3333333328,0,n/a,n/a
RestBlock,30885.6666666662,0.181,n/a,n/a
RestBlock,31018.9999999995,0.195,n/a,n/a
RestBlock,31152.3333333328,0.185,n/a,n/a
RestBlock,31285.6666666661,0.195,n/a,n/a
RestBlock,31418.9999999995,0.206,n/a,n/a
RestBlock,31552.3333333328,0.187,n/a,n/a
RestBlock,31685.6666666661,0.181,n/a,n/a
RestBlock,31818.9999999995,0.193,n/a,n/a
RestBlock,31952.3333333328,0.189,n/a,n/a
RestBlock,32085.6666666661,0.189,n/a,n/a
RestBlock,32218.9999999994,0.201,n/a,n/a
RestBlock,32352.3333333328,0.187,n/a,n/a
RestBlock,32485.6666666661,0.181,n/a,n/a
RestBlock,32618.9999999994,0.206,n/a,n/a
RestBlock,32752.3333333328,0.203,n/a,n/a
RestBlock,32885.6666666661,0.193,n/a,n/a
RestBlock,33018.9999999994,0.193,n/a,n/a
RestBlock,33152.3333333328,0.185,n/a,n/a
RestBlock,33285.6666666661,0.199,n/a,n/a
RestBlock,33418.9999999995,0.197,n/a,n/a
RestBlock,33552.3333333328,0.181,n/a,n/a
RestBlock,33685.6666666661,0.187,n/a,n/a
RestBlock,33818.9999999995,0.204,n/a,n/a
RestBlock,33952.3333333328,0.193,n/a,n/a
RestBlock,34085.6666666662,0.187,n/a,n/a
RestBlock,34218.9999999995,0.191,n/a,n/a
RestBlock,34352.3333333329,0.187,n/a,n/a
RestBlock,34485.6666666662,0.191,n/a,n/a
RestBlock,34618.9999999995,0.199,n/a,n/a
RestBlock,34752.3333333329,0.187,n/a,n/a
RestBlock,34885.6666666662,0.187,n/a,n/a
RestBlock,35018.9999999996,0.208,n/a,n/a
RestBlock,35152.3333333329,0.199,n/a,n/a
RestBlock,35285.6666666663,0.181,n/a,n/a
RestBlock,35418.9999999996,0.193,n/a,n/a
RestBlock,35552.333333333,0.187,n/a,n/a
RestBlock,35685.6666666663,0.175,n/a,n/a
RestBlock,35818.9999999996,0.191,n/a,n/a
RestBlock,35952.333333333,0.187,n/a,n/a
RestBlock,36085.6666666663,0.187,n/a,n/a
RestBlock,36218.9999999997,0.199,n/a,n/a
RestBlock,36352.333333333,0.199,n/a,n/a
RestBlock,36485.6666666664,0.185,n/a,n/a
RestBlock,36618.9999999997,0.195,n/a,n/a
RestBlock,36752.333333333,0.189,n/a,n/a
RestBlock,36885.6666666664,0.199,n/a,n/a
RestBlock,37018.9999999997,0.208,n/a,n/a
RestBlock,37152.3333333331,0.189,n/a,n/a
RestBlock,37285.6666666664,0.185,n/a,n/a
RestBlock,37418.9999999998,0.201,n/a,n/a
RestBlock,37552.3333333331,0.193,n/a,n/a
RestBlock,37685.6666666664,0.183,n/a,n/a
RestBlock,37818.9999999998,0.197,n/a,n/a
RestBlock,37952.3333333331,0.185,n/a,n/a
RestBlock,38085.6666666665,0.185,n/a,n/a
RestBlock,38218.9999999998,0.206,n/a,n/a
RestBlock,38352.3333333332,0.201,n/a,n/a
RestBlock,38485.6666666665,0.179,n/a,n/a
RestBlock,38618.9999999998,0.193,n/a,n/a
RestBlock,38752.3333333332,0.201,n/a,n/a
RestBlock,38885.6666666665,0.187,n/a,n/a
RestBlock,39018.9999999999,0.191,n/a,n/a
RestBlock,39152.3333333332,0.193,n/a,n/a
RestBlock,39285.6666666666,0.183,n/a,n/a
RestBlock,39418.9999999999,0.203,n/a,n/a
RestBlock,39552.3333333332,0.177,n/a,n/a
RestBlock,39685.6666666666,0.187,n/a,n/a
RestBlock,39818.9999999999,0.21,n/a,n/a
RestBlock,39952.3333333333,0.181,n/a,n/a
RestBlock,40085.6666666666,0.189,n/a,n/a
RestBlock,40219,0.203,n/a,n/a
RestBlock,40352.3333333333,0.183,n/a,n/a
RestBlock,40485.6666666666,0.181,n/a,n/a
RestBlock,40619,0.208,n/a,n/a
RestBlock,40752.3333333333,0.189,n/a,n/a
RestBlock,40885.6666666667,0.175,n/a,n/a
RestBlock,41019,0.199,n/a,n/a
RestBlock,41152.3333333334,0.199,n/a,n/a
RestBlock,41285.6666666667,0.177,n/a,n/a
RestBlock,41419,0.193,n/a,n/a
RestBlock,41552.3333333334,0.195,n/a,n/a
RestBlock,41685.6666666667,0.193,n/a,n/a
RestBlock,41819.0000000001,0.204,n/a,n/a
RestBlock,41952.3333333334,0.185,n/a,n/a
RestBlock,42085.6666666668,0.175,n/a,n/a
RestBlock,42219.0000000001,0.187,n/a,n/a
RestBlock,42352.3333333334,0.208,n/a,n/a
RestBlock,42485.6666666668,0.187,n/a,n/a
RestBlock,42619.0000000001,0.193,n/a,n/a
RestBlock,42752.3333333335,0.181,n/a,n/a
RestBlock,42885.6666666668,0.195,n/a,n/a
RestBlock,43019.0000000002,0.206,n/a,n/a
RestBlock,43152.3333333335,0.181,n/a,n/a
RestBlock,43285.6666666668,0.181,n/a,n/a
RestBlock,43419.0000000002,0.204,n/a,n/a
RestBlock,43552.3333333335,0.189,n/a,n/a
RestBlock,43685.6666666669,0.177,n/a,n/a
RestBlock,43819.0000000002,0.199,n/a,n/a
RestBlock,43952.3333333336,0.201,n/a,n/a
RestBlock,44085.6666666669,0.177,n/a,n/a
RestBlock,44219.0000000002,0.191,n/a,n/a
RestBlock,44352.3333333336,0.201,n/a,n/a
RestBlock,44485.6666666669,0.189,n/a,n/a
RestBlock,44619.0000000003,0.189,n/a,n/a
RestBlock,44752.3333333336,0.193,n/a,n/a
RestBlock,44885.666666667,0.191,n/a,n/a
RestBlock,45019.0000000003,0.189,n/a,n/a
RestBlock,45152.3333333336,0.195,n/a,n/a
RestBlock,45285.666666667,0.199,n/a,n/a
RestBlock,45419.0000000003,0.197,n/a,n/a
RestBlock,45552.3333333337,0.197,n/a,n/a
RestBlock,45685.666666667,0.197,n/a,n/a
DynoBlock,45752.3333333337,0.185,5,False
DynoBlock,45885.666666667,0.185,5,False
DynoBlock,46019.0000000004,0.185,5,False
DynoBlock,46152.3333333337,0.185,5,False
DynoBlock,46285.6666666671,0.185,5,False
DynoBlock,46419.0000000004,0.185,5,False
DynoBlock,46552.3333333338,0.185,5,False
DynoBlock,46685.6666666671,0.185,5,False
DynoBlock,46819.0000000004,0.185,5,False
DynoBlock,46952.3333333338,0.185,5,False
DynoBlock,47085.6666666671,0.185,5,False
DynoBlock,47219.0000000005,0.185,5,False
DynoBlock,47352.3333333338,0.185,5,False
DynoBlock,47485.6666666672,0.185,5,False
DynoBlock,47619.0000000005,0.185,5,False
DynoBlock,47752.3333333338,0.185,5,False
DynoBlock,47885.6666666672,0.185,5,False
DynoBlock,48019.0000000005,0.185,5,False
DynoBlock,48152.3333333339,0.185,5,False
DynoBlock,48285.6666666672,0.185,5,False
DynoBlock,48419.0000000006,0.185,5,False
DynoBlock,48552.3333333339,0.185,5,False
DynoBlock,48685.6666666672,0.185,5,False
DynoBlock,48819.0000000006,0.185,5,False
DynoBlock,48952.3333333339,0.185,5,False
DynoBlock,49085.6666666673,0.185,5,False
DynoBlock,49219.0000000006,0.185,5,False
DynoBlock,49352.333333334,0.185,5,False
DynoBlock,49485.6666666673,0.185,5,False
DynoBlock,49619.0000000006,0.185,5,False
DynoBlock,49752.333333334,0.185,5,False
DynoBlock,49885.6666666673,0.185,5,False
DynoBlock,50019.0000000007,0.185,5,False
DynoBlock,50152.333333334,0.185,5,False
DynoBlock,50285.6666666674,0.185,5,False
DynoBlock,50419.0000000007,0.185,5,False
DynoBlock,50552.333333334,0.185,5,False
DynoBlock,50685.6666666674,0.185,5,False
DynoBlock,50819.0000000007,0.185,5,False
DynoBlock,50952.3333333341,0.185,5,False
DynoBlock,51085.6666666674,0.185,5,False
DynoBlock,51219.0000000008,0.185,5,False
DynoBlock,51352.3333333341,0.185,5,False
DynoBlock,51485.6666666674,0.185,5,False
DynoBlock,51619.0000000008,0.185,5,False
DynoBlock,51752.3333333341,0.185,5,False
DynoBlock,51885.6666666675,0.185,5,False
DynoBlock,52019.0000000008,0.185,5,False
DynoBlock,52152.3333333342,0.185,5,False
DynoBlock,52285.6666666675,0.185,5,False
DynoBlock,52419.0000000008,0.185,5,False
DynoBlock,52552.3333333342,0.185,5,False
DynoBlock,52685.6666666675,0.185,5,False
DynoBlock,52819.0000000009,0.185,5,False
DynoBlock,52952.3333333342,0.185,5,False
DynoBlock,53085.6666666676,0.185,5,False
DynoBlock,53219.0000000009,0.185,5,False
DynoBlock,53352.3333333342,0.185,5,False
DynoBlock,53485.6666666676,0.185,5,False
DynoBlock,53619.0000000009,0.185,5,False
DynoBlock,53752.3333333343,0.185,5,False
DynoBlock,53885.6666666676,0.185,5,False
DynoBlock,54019.000000001,0.185,5,False
DynoBlock,54152.3333333343,0.185,5,False
DynoBlock,54285.6666666676,0.185,5,False
DynoBlock,54419.000000001,0.185,5,False
DynoBlock,54552.3333333343,0.185,5,False
DynoBlock,54685.6666666677,0.185,5,False
DynoBlock,54819.000000001,0.185,5,False
DynoBlock,54952.3333333344,0.185,5,False
DynoBlock,55085.6666666677,0.185,5,False
DynoBlock,55219.000000001,0.185,5,False
DynoBlock,55352.3333333344,0.185,5,False
DynoBlock,55485.6666666677,0.185,5,False
DynoBlock,55619.0000000011,0.185,5,False
DynoBlock,55752.3333333344,0.185,5,False
DynoBlock,55885.6666666678,0.185,5,False
DynoBlock,56019.0000000011,0.185,5,False
DynoBlock,56152.3333333344,0.185,5,False
DynoBlock,56285.6666666678,0.185,5,False
DynoBlock,56419.0000000011,0.185,5,False
DynoBlock,56552.3333333345,0.185,5,False
DynoBlock,56685.6666666678,0.185,5,False
DynoBlock,56819.0000000012,0.185,5,False
DynoBlock,56952.3333333345,0.185,5,False
DynoBlock,57085.6666666679,0.185,5,False
DynoBlock,57219.0000000012,0.185,5,False
DynoBlock,57352.3333333345,0.185,5,False
DynoBlock,57485.6666666679,0.185,5,False
DynoBlock,57619.0000000012,0.185,5,False
DynoBlock,57752.3333333346,0.185,5,False
DynoBlock,57885.6666666679,0.185,5,False
DynoBlock,58019.0000000013,0.185,5,False
DynoBlock,58152.3333333346,0.185,5,False
DynoBlock,58285.6666666679,0.185,5,False
DynoBlock,58419.0000000013,0.185,5,False
DynoBlock,58552.3333333346,0.185,5,False
DynoBlock,58685.666666668,0.185,5,False
DynoBlock,58819.0000000013,0.185,5,False
DynoBlock,58952.3333333347,0.185,5,False
DynoBlock,59085.666666668,0.185,5,False
DynoBlock,59219.0000000013,0.185,5,False
DynoBlock,59352.3333333347,0.185,5,False
DynoBlock,59485.666666668,0.185,5,False
DynoBlock,59619.0000000014,0.185,5,False
DynoBlock,59752.3333333347,0.185,5,False
DynoBlock,59885.6666666681,0.185,5,False
DynoBlock,60019.0000000014,0.185,5,False
DynoBlock,60152.3333333347,0.185,5,False
DynoBlock,60285.6666666681,0.185,5,False
DynoBlock,60419.0000000014,0.185,5,False
DynoBlock,60552.3333333348,0.185,5,False
DynoBlock,60685.6666666681,0.185,5,False
RestBlock,60752.3333333348,0,n/a,n/a
RestBlock,60885.6666666681,0,n/a,n/a
RestBlock,61019.0000000015,0,n/a,n/a
RestBlock,61152.3333333348,0,n/a,n/a
RestBlock,61285.6666666682,0,n/a,n/a
RestBlock,61419.0000000015,0,n/a,n/a
RestBlock,61552.3333333348,0,n/a,n/a
RestBlock,61685.6666666682,0,n/a,n/a
RestBlock,61819.0000000015,0,n/a,n/a
RestBlock,61952.3333333349,0,n/a,n/a
RestBlock,62085.6666666682,0,n/a,n/a
RestBlock,62219.0000000016,0,n/a,n/a
RestBlock,62352.3333333349,0,n/a,n/a
RestBlock,62485.6666666682,0,n/a,n/a
RestBlock,62619.0000000016,0,n/a,n/a
RestBlock,62752.3333333349,0,n/a,n/a
RestBlock,62885.6666666683,0,n/a,n/a
RestBlock,63019.0000000016,0,n/a,n/a
RestBlock,63152.333333335,0,n/a,n/a
RestBlock,63285.6666666683,0,n/a,n/a
RestBlock,63419.0000000016,0,n/a,n/a
RestBlock,63552.333333335,0,n/a,n/a
RestBlock,63685.6666666683,0,n/a,n/a
RestBlock,63819.0000000017,0,n/a,n/a
RestBlock,63952.333333335,0,n/a,n/a
RestBlock,64085.6666666684,0,n/a,n/a
RestBlock,64219.0000000017,0,n/a,n/a
RestBlock,64352.333333335,0,n/a,n/a
RestBlock,64485.6666666684,0,n/a,n/a
RestBlock,64619.0000000017,0,n/a,n/a
RestBlock,64752.3333333351,0,n/a,n/a
RestBlock,64885.6666666684,0,n/a,n/a
RestBlock,65019.0000000018,0,n/a,n/a
RestBlock,65152.3333333351,0,n/a,n/a
RestBlock,65285.6666666684,0,n/a,n/a
RestBlock,65419.0000000018,0,n/a,n/a
RestBlock,65552.3333333351,0,n/a,n/a
RestBlock,65685.6666666684,0,n/a,n/a
RestBlock,65819.0000000018,0,n/a,n/a
RestBlock,65952.3333333351,0,n/a,n/a
RestBlock,66085.6666666684,0,n/a,n/a
RestBlock,66219.0000000017,0,n/a,n/a
RestBlock,66352.333333335,0,n/a,n/a
RestBlock,66485.6666666683,0,n/a,n/a
RestBlock,66619.0000000016,0,n/a,n/a
RestBlock,66752.333333335,0,n/a,n/a
RestBlock,66885.6666666683,0,n/a,n/a
RestBlock,67019.0000000016,0,n/a,n/a
RestBlock,67152.3333333349,0,n/a,n/a
RestBlock,67285.6666666682,0,n/a,n/a
RestBlock,67419.0000000015,0,n/a,n/a
RestBlock,67552.3333333348,0,n/a,n/a
RestBlock,67685.6666666682,0,n/a,n/a
RestBlock,67819.0000000015,0,n/a,n/a
RestBlock,67952.3333333348,0,n/a,n/a
RestBlock,68085.6666666681,0,n/a,n/a
RestBlock,68219.0000000014,0,n/a,n/a
RestBlock,68352.3333333347,0,n/a,n/a
RestBlock,68485.666666668,0,n/a,n/a
RestBlock,68619.0000000014,0,n/a,n/a
RestBlock,68752.3333333347,0,n/a,n/a
RestBlock,68885.666666668,0,n/a,n/a
RestBlock,69019.0000000013,0,n/a,n/a
RestBlock,69152.3333333346,0,n/a,n/a
RestBlock,69285.6666666679,0,n/a,n/a
RestBlock,69419.0000000012,0,n/a,n/a
RestBlock,69552.3333333346,0,n/a,n/a
RestBlock,69685.6666666679,0,n/a,n/a
RestBlock,69819.0000000012,0,n/a,n/a
RestBlock,69952.3333333345,0,n/a,n/a
RestBlock,70085.6666666678,0,n/a,n/a
RestBlock,70219.0000000011,0,n/a,n/a
RestBlock,70352.3333333344,0,n/a,n/a
RestBlock,70485.6666666677,0,n/a,n/a
RestBlock,70619.0000000011,0,n/a,n/a
RestBlock,70752.3333333344,0,n/a,n/a
RestBlock,70885.6666666677,0,n/a,n/a
RestBlock,71019.000000001,0,n/a,n/a
RestBlock,71152.3333333343,0,n/a,n/a
RestBlock,71285.6666666676,0,n/a,n/a
RestBlock,71419.0000000009,0,n/a,n/a
RestBlock,71552.3333333343,0,n/a,n/a
RestBlock,71685.6666666676,0,n/a,n/a
RestBlock,71819.0000000009,0,n/a,n/a
RestBlock,71952.3333333342,0,n/a,n/a
RestBlock,72085.6666666675,0,n/a,n/a
RestBlock,72219.0000000008,0,n/a,n/a
RestBlock,72352.3333333341,0,n/a,n/a
RestBlock,72485.6666666675,0,n/a,n/a
RestBlock,72619.0000000008,0,n/a,n/a
RestBlock,72752.3333333341,0,n/a,n/a
RestBlock,72885.6666666674,0,n/a,n/a
RestBlock,73019.0000000007,0,n/a,n/a
RestBlock,73152.333333334,0,n/a,n/a
RestBlock,73285.6666666673,0,n/a,n/a
RestBlock,73419.0000000007,0,n/a,n/a
RestBlock,73552.333333334,0,n/a,n/a
RestBlock,73685.6666666673,0,n/a,n/a
RestBlock,73819.0000000006,0,n/a,n/a
RestBlock,73952.3333333339,0,n/a,n/a
RestBlock,74085.6666666672,0,n/a,n/a
RestBlock,74219.0000000005,0,n/a,n/a
RestBlock,74352.3333333339,0,n/a,n/a
RestBlock,74485.6666666672,0,n/a,n/a
RestBlock,74619.0000000005,0,n/a,n/a
RestBlock,74752.3333333338,0,n/a,n/a
RestBlock,74885.6666666671,0,n/a,n/a
RestBlock,75019.0000000004,0,n/a,n/a
RestBlock,75152.3333333337,0,n/a,n/a
RestBlock,75285.6666666671,0,n/a,n/a
RestBlock,75419.0000000004,0,n/a,n/a
RestBlock,75552.3333333337,0,n/a,n/a
RestBlock,75685.666666667,0,n/a,n/a
DynoBlock,75752.3333333336,0.185,7.5,False
DynoBlock,75885.666666667,0.185,7.5,False
DynoBlock,76019.0000000003,0.185,7.5,False
DynoBlock,76152.3333333336,0.185,7.5,False
DynoBlock,76285.6666666669,0.185,7.5,False
DynoBlock,76419.0000000002,0.185,7.5,False
DynoBlock,76552.3333333335,0.185,7.5,False
DynoBlock,76685.6666666668,0.185,7.5,False
DynoBlock,76819.0000000002,0.185,7.5,False
DynoBlock,76952.3333333335,0.185,7.5,False
DynoBlock,77085.6666666668,0.185,7.5,False
DynoBlock,77219.0000000001,0.185,7.5,False
DynoBlock,77352.3333333334,0.185,7.5,False
DynoBlock,77485.6666666667,0.185,7.5,False
DynoBlock,77619,0.185,7.5,False
DynoBlock,77752.3333333334,0.185,7.5,False
DynoBlock,77885.6666666667,0.185,7.5,False
DynoBlock,78019,0.185,7.5,False
DynoBlock,78152.3333333333,0.185,7.5,False
DynoBlock,78285.6666666666,0.185,7.5,False
DynoBlock,78418.9999999999,0.185,7.5,False
DynoBlock,78552.3333333332,0.185,7.5,False
DynoBlock,78685.6666666666,0.185,7.5,False
DynoBlock,78818.9999999999,0.185,7.5,False
DynoBlock,78952.3333333332,0.185,7.5,False
DynoBlock,79085.6666666665,0.185,7.5,False
DynoBlock,79218.9999999998,0.185,7.5,False
DynoBlock,79352.3333333331,0.185,7.5,False
DynoBlock,79485.6666666664,0.185,7.5,False
DynoBlock,79618.9999999998,0.185,7.5,False
DynoBlock,79752.3333333331,0.185,7.5,False
DynoBlock,79885.6666666664,0.185,7.5,False
DynoBlock,80018.9999999997,0.185,7.5,False
DynoBlock,80152.333333333,0.185,7.5,False
DynoBlock,80285.6666666663,0.185,7.5,False
DynoBlock,80418.9999999996,0.185,7.5,False
DynoBlock,80552.333333333,0.185,7.5,False
DynoBlock,80685.6666666663,0.185,7.5,False
DynoBlock,80818.9999999996,0.185,7.5,False
DynoBlock,80952.3333333329,0.185,7.5,False
DynoBlock,81085.6666666662,0.185,7.5,False
DynoBlock,81218.9999999995,0.185,7.5,False
DynoBlock,81352.3333333328,0.185,7.5,False
DynoBlock,81485.6666666661,0.185,7.5,False
DynoBlock,81618.9999999995,0.185,7.5,False
DynoBlock,81752.3333333328,0.185,7.5,False
DynoBlock,81885.6666666661,0.185,7.5,False
DynoBlock,82018.9999999994,0.185,7.5,False
DynoBlock,82152.3333333327,0.185,7.5,False
DynoBlock,82285.666666666,0.185,7.5,False
DynoBlock,82418.9999999993,0.185,7.5,False
DynoBlock,82552.3333333327,0.185,7.5,False
DynoBlock,82685.666666666,0.185,7.5,False
DynoBlock,82818.9999999993,0.185,7.5,False
DynoBlock,82952.3333333326,0.185,7.5,False
DynoBlock,83085.6666666659,0.185,7.5,False
DynoBlock,83218.9999999992,0.185,7.5,False
DynoBlock,83352.3333333325,0.185,7.5,False
DynoBlock,83485.6666666659,0.185,7.5,False
DynoBlock,83618.9999999992,0.185,7.5,False
DynoBlock,83752.3333333325,0.185,7.5,False
DynoBlock,83885.6666666658,0.185,7.5,False
DynoBlock,84018.9999999991,0.185,7.5,False
DynoBlock,84152.3333333324,0.185,7.5,False
DynoBlock,84285.6666666657,0.185,7.5,False
DynoBlock,84418.9999999991,0.185,7.5,False
DynoBlock,84552.3333333324,0.185,7.5,False
DynoBlock,84685.6666666657,0.185,7.5,False
DynoBlock,84818.999999999,0.185,7.5,False
DynoBlock,84952.3333333323,0.185,7.5,False
DynoBlock,85085.6666666656,0.185,7.5,False
DynoBlock,85218.9999999989,0.185,7.5,False
DynoBlock,85352.3333333323,0.185,7.5,False
DynoBlock,85485.6666666656,0.185,7.5,False
DynoBlock,85618.9999999989,0.185,7.5,False
DynoBlock,85752.3333333322,0.185,7.5,False
DynoBlock,85885.6666666655,0.185,7.5,False
DynoBlock,86018.9999999988,0.185,7.5,False
DynoBlock,86152.3333333321,0.185,7.5,False
DynoBlock,86285.6666666654,0.185,7.5,False
DynoBlock,86418.9999999988,0.185,7.5,False
DynoBlock,86552.3333333321,0.185,7.5,False
DynoBlock,86685.6666666654,0.185,7.5,False
DynoBlock,86818.9999999987,0.185,7.5,False
DynoBlock,86952.333333332,0.185,7.5,False
DynoBlock,87085.6666666653,0.185,7.5,False
DynoBlock,87218.9999999986,0.185,7.5,False
DynoBlock,87352.333333332,0.185,7.5,False
DynoBlock,87485.6666666653,0.185,7.5,False
DynoBlock,87618.9999999986,0.185,7.5,False
DynoBlock,87752.3333333319,0.185,7.5,False
DynoBlock,87885.6666666652,0.185,7.5,False
DynoBlock,88018.9999999985,0.185,7.5,False
DynoBlock,88152.3333333318,0.185,7.5,False
DynoBlock,88285.6666666652,0.185,7.5,False
DynoBlock,88418.9999999985,0.185,7.5,False
DynoBlock,88552.3333333318,0.185,7.5,False
DynoBlock,88685.6666666651,0.185,7.5,False
DynoBlock,88818.9999999984,0.185,7.5,False
DynoBlock,88952.3333333317,0.185,7.5,False
DynoBlock,89085.666666665,0.185,7.5,False
DynoBlock,89218.9999999984,0.185,7.5,False
DynoBlock,89352.3333333317,0.185,7.5,False
DynoBlock,89485.666666665,0.185,7.5,False
DynoBlock,89618.9999999983,0.185,7.5,False
DynoBlock,89752.3333333316,0.185,7.5,False
DynoBlock,89885.6666666649,0.185,7.5,False
DynoBlock,90018.9999999982,0.185,7.5,False
DynoBlock,90152.3333333316,0.185,7.5,False
DynoBlock,90285.6666666649,0.185,7.5,False
DynoBlock,90418.9999999982,0.185,7.5,False
DynoBlock,90552.3333333315,0.185,7.5,False
DynoBlock,90685.6666666648,0.185,7.5,False
RestBlock,90752.3333333315,0,n/a,n/a
RestBlock,90885.6666666648,0,n/a,n/a
RestBlock,91018.9999999981,0,n/a,n/a
RestBlock,91152.3333333314,0,n/a,n/a
RestBlock,91285.6666666647,0,n/a,n/a
RestBlock,91418.999999998,0,n/a,n/a
RestBlock,91552.3333333313,0,n/a,n/a
RestBlock,91685.6666666647,0,n/a,n/a
RestBlock,91818.999999998,0,n/a,n/a
RestBlock,91952.3333333313,0,n/a,n/a
RestBlock,92085.6666666646,0,n/a,n/a
RestBlock,92218.9999999979,0,n/a,n/a
RestBlock,92352.3333333312,0,n/a,n/a
RestBlock,92485.6666666645,0,n/a,n/a
RestBlock,92618.9999999979,0,n/a,n/a
RestBlock,92752.3333333312,0,n/a,n/a
RestBlock,92885.6666666645,0,n/a,n/a
RestBlock,93018.9999999978,0,n/a,n/a
RestBlock,93152.3333333311,0,n/a,n/a
RestBlock,93285.6666666644,0,n/a,n/a
RestBlock,93418.9999999977,0,n/a,n/a
RestBlock,93552.3333333311,0,n/a,n/a
RestBlock,93685.6666666644,0,n/a,n/a
RestBlock,93818.9999999977,0,n/a,n/a
RestBlock,93952.333333331,0,n/a,n/a
RestBlock,94085.6666666643,0,n/a,n/a
RestBlock,94218.9999999976,0,n/a,n/a
RestBlock,94352.3333333309,0,n/a,n/a
RestBlock,94485.6666666643,0,n/a,n/a
RestBlock,94618.9999999976,0,n/a,n/a
RestBlock,94752.3333333309,0,n/a,n/a
RestBlock,94885.6666666642,0,n/a,n/a
RestBlock,95018.9999999975,0,n/a,n/a
RestBlock,95152.3333333308,0,n/a,n/a
RestBlock,95285.6666666641,0,n/a,n/a
RestBlock,95418.9999999975,0,n/a,n/a
RestBlock,95552.3333333308,0,n/a,n/a
RestBlock,95685.6666666641,0,n/a,n/a
RestBlock,95818.9999999974,0,n/a,n/a
RestBlock,95952.3333333307,0,n/a,n/a
RestBlock,96085.666666664,0,n/a,n/a
RestBlock,96218.9999999973,0,n/a,n/a
RestBlock,96352.3333333307,0,n/a,n/a
RestBlock,96485.666666664,0,n/a,n/a
RestBlock,96618.9999999973,0,n/a,n/a
RestBlock,96752.3333333306,0,n/a,n/a
RestBlock,96885.6666666639,0,n/a,n/a
RestBlock,97018.9999999972,0,n/a,n/a
RestBlock,97152.3333333305,0,n/a,n/a
RestBlock,97285.6666666638,0,n/a,n/a
RestBlock,97418.9999999972,0,n/a,n/a
RestBlock,97552.3333333305,0,n/a,n/a
RestBlock,97685.6666666638,0,n/a,n/a
RestBlock,97818.9999999971,0,n/a,n/a
RestBlock,97952.3333333304,0,n/a,n/a
RestBlock,98085.6666666637,0,n/a,n/a
RestBlock,98218.999999997,0,n/a,n/a
RestBlock,98352.3333333304,0,n/a,n/a
RestBlock,98485.6666666637,0,n/a,n/a
RestBlock,98618.999999997,0,n/a,n/a
RestBlock,98752.3333333303,0,n/a,n/a
RestBlock,98885.6666666636,0,n/a,n/a
RestBlock,99018.9999999969,0,n/a,n/a
RestBlock,99152.3333333302,0,n/a,n/a
RestBlock,99285.6666666636,0,n/a,n/a
RestBlock,99418.9999999969,0,n/a,n/a
RestBlock,99552.3333333302,0,n/a,n/a
RestBlock,99685.6666666635,0,n/a,n/a
RestBlock,99818.9999999968,0,n/a,n/a
RestBlock,99952.3333333301,0,n/a,n/a
RestBlock,100085.666666663,0,n/a,n/a
RestBlock,100218.999999997,0,n/a,n/a
RestBlock,100352.33333333,0,n/a,n/a
RestBlock,100485.666666663,0,n/a,n/a
RestBlock,100618.999999997,0,n/a,n/a
RestBlock,100752.33333333,0,n/a,n/a
RestBlock,100885.666666663,0,n/a,n/a
RestBlock,101018.999999997,0,n/a,n/a
RestBlock,101152.33333333,0,n/a,n/a
RestBlock,101285.666666663,0,n/a,n/a
RestBlock,101418.999999997,0,n/a,n/a
RestBlock,101552.33333333,0,n/a,n/a
RestBlock,101685.666666663,0,n/a,n/a
RestBlock,101818.999999997,0,n/a,n/a
RestBlock,101952.33333333,0,n/a,n/a
RestBlock,102085.666666663,0,n/a,n/a
RestBlock,102218.999999996,0,n/a,n/a
RestBlock,102352.33333333,0,n/a,n/a
RestBlock,102485.666666663,0,n/a,n/a
RestBlock,102618.999999996,0,n/a,n/a
RestBlock,102752.33333333,0,n/a,n/a
RestBlock,102885.666666663,0,n/a,n/a
RestBlock,103018.999999996,0,n/a,n/a
RestBlock,103152.33333333,0,n/a,n/a
RestBlock,103285.666666663,0,n/a,n/a
RestBlock,103418.999999996,0,n/a,n/a
RestBlock,103552.33333333,0,n/a,n/a
RestBlock,103685.666666663,0,n/a,n/a
RestBlock,103818.999999996,0,n/a,n/a
RestBlock,103952.33333333,0,n/a,n/a
RestBlock,104085.666666663,0,n/a,n/a
RestBlock,104218.999999996,0,n/a,n/a
RestBlock,104352.333333329,0,n/a,n/a
RestBlock,104485.666666663,0,n/a,n/a
RestBlock,104618.999999996,0,n/a,n/a
RestBlock,104752.333333329,0,n/a,n/a
RestBlock,104885.666666663,0,n/a,n/a
RestBlock,105018.999999996,0,n/a,n/a
RestBlock,105152.333333329,0,n/a,n/a
RestBlock,105285.666666663,0,n/a,n/a
RestBlock,105418.999999996,0,n/a,n/a
RestBlock,105552.333333329,0,n/a,n/a
RestBlock,105685.666666663,0,n/a,n/a
DynoBlock,105752.333333329,0.185,5,False
DynoBlock,105885.666666663,0.185,5,False
DynoBlock,106018.999999996,0.185,5,False
DynoBlock,106152.333333329,0.185,5,False
DynoBlock,106285.666666663,0.185,5,False
DynoBlock,106418.999999996,0.185,5,False
DynoBlock,106552.333333329,0.185,5,False
DynoBlock,106685.666666662,0.185,5,False
DynoBlock,106818.999999996,0.185,5,False
DynoBlock,106952.333333329,0.185,5,False
DynoBlock,107085.666666662,0.185,5,False
DynoBlock,107218.999999996,0.185,5,False
DynoBlock,107352.333333329,0.185,5,False
DynoBlock,107485.666666662,0.185,5,False
DynoBlock,107618.999999996,0.185,5,False
DynoBlock,107752.333333329,0.185,5,False
DynoBlock,107885.666666662,0.185,5,False
DynoBlock,108018.999999996,0.185,5,False
DynoBlock,108152.333333329,0.185,5,False
DynoBlock,108285.666666662,0.185,5,False
DynoBlock,108418.999999996,0.185,5,False
DynoBlock,108552.333333329,0.185,5,False
DynoBlock,108685.666666662,0.185,5,False
DynoBlock,108818.999999996,0.185,5,False
DynoBlock,108952.333333329,0.185,5,False
DynoBlock,109085.666666662,0.185,5,False
DynoBlock,109218.999999995,0.185,5,False
DynoBlock,109352.333333329,0.185,5,False
DynoBlock,109485.666666662,0.185,5,False
DynoBlock,109618.999999995,0.185,5,False
DynoBlock,109752.333333329,0.185,5,False
DynoBlock,109885.666666662,0.185,5,False
DynoBlock,110018.999999995,0.185,5,False
DynoBlock,110152.333333329,0.185,5,False
DynoBlock,110285.666666662,0.185,5,False
DynoBlock,110418.999999995,0.185,5,False
DynoBlock,110552.333333329,0.185,5,False
DynoBlock,110685.666666662,0.185,5,False
DynoBlock,110818.999999995,0.185,5,False
DynoBlock,110952.333333329,0.185,5,False
DynoBlock,111085.666666662,0.185,5,False
DynoBlock,111218.999999995,0.185,5,False
DynoBlock,111352.333333328,0.185,5,False
DynoBlock,111485.666666662,0.185,5,False
DynoBlock,111618.999999995,0.185,5,False
DynoBlock,111752.333333328,0.185,5,False
DynoBlock,111885.666666662,0.185,5,False
DynoBlock,112018.999999995,0.185,5,False
DynoBlock,112152.333333328,0.185,5,False
DynoBlock,112285.666666662,0.185,5,False
DynoBlock,112418.999999995,0.185,5,False
DynoBlock,112552.333333328,0.185,5,False
DynoBlock,112685.666666662,0.185,5,False
DynoBlock,112818.999999995,0.185,5,False
DynoBlock,112952.333333328,0.185,5,False
DynoBlock,113085.666666662,0.185,5,False
DynoBlock,113218.999999995,0.185,5,False
DynoBlock,113352.333333328,0.185,5,False
DynoBlock,113485.666666661,0.185,5,False
DynoBlock,113618.999999995,0.185,5,False
DynoBlock,113752.333333328,0.185,5,False
DynoBlock,113885.666666661,0.185,5,False
DynoBlock,114018.999999995,0.185,5,False
DynoBlock,114152.333333328,0.185,5,False
DynoBlock,114285.666666661,0.185,5,False
DynoBlock,114418.999999995,0.185,5,False
DynoBlock,114552.333333328,0.185,5,False
DynoBlock,114685.666666661,0.185,5,False
DynoBlock,114818.999999995,0.185,5,False
DynoBlock,114952.333333328,0.185,5,False
DynoBlock,115085.666666661,0.185,5,False
DynoBlock,115218.999999995,0.185,5,False
DynoBlock,115352.333333328,0.185,5,False
DynoBlock,115485.666666661,0.185,5,False
DynoBlock,115618.999999995,0.185,5,False
DynoBlock,115752.333333328,0.185,5,False
DynoBlock,115885.666666661,0.185,5,False
DynoBlock,116018.999999994,0.185,5,False
DynoBlock,116152.333333328,0.185,5,False
DynoBlock,116285.666666661,0.185,5,False
DynoBlock,116418.999999994,0.185,5,False
DynoBlock,116552.333333328,0.185,5,False
DynoBlock,116685.666666661,0.185,5,False
DynoBlock,116818.999999994,0.185,5,False
DynoBlock,116952.333333328,0.185,5,False
DynoBlock,117085.666666661,0.185,5,False
DynoBlock,117218.999999994,0.185,5,False
DynoBlock,117352.333333328,0.185,5,False
DynoBlock,117485.666666661,0.185,5,False
DynoBlock,117618.999999994,0.185,5,False
DynoBlock,117752.333333328,0.185,5,False
DynoBlock,117885.666666661,0.185,5,False
DynoBlock,118018.999999994,0.185,5,False
DynoBlock,118152.333333327,0.185,5,False
DynoBlock,118285.666666661,0.185,5,False
DynoBlock,118418.999999994,0.185,5,False
DynoBlock,118552.333333327,0.185,5,False
DynoBlock,118685.666666661,0.185,5,False
DynoBlock,118818.999999994,0.185,5,False
DynoBlock,118952.333333327,0.185,5,False
DynoBlock,119085.666666661,0.185,5,False
DynoBlock,119218.999999994,0.185,5,False
DynoBlock,119352.333333327,0.185,5,False
DynoBlock,119485.666666661,0.185,5,False
DynoBlock,119618.999999994,0.185,5,False
DynoBlock,119752.333333327,0.185,5,False
DynoBlock,119885.666666661,0.185,5,False
DynoBlock,120018.999999994,0.185,5,False
DynoBlock,120152.333333327,0.185,5,False
DynoBlock,120285.666666661,0.185,5,False
DynoBlock,120418.999999994,0.185,5,False
DynoBlock,120552.333333327,0.185,5,False
DynoBlock,120685.66666666,0.185,5,False
RestBlock,120752.333333327,0,n/a,n/a
RestBlock,120885.66666666,0,n/a,n/a
RestBlock,121018.999999994,0,n/a,n/a
RestBlock,121152.333333327,0,n/a,n/a
RestBlock,121285.66666666,0,n/a,n/a
RestBlock,121418.999999994,0,n/a,n/a
RestBlock,121552.333333327,0,n/a,n/a
RestBlock,121685.66666666,0,n/a,n/a
RestBlock,121818.999999994,0,n/a,n/a
RestBlock,121952.333333327,0,n/a,n/a
RestBlock,122085.66666666,0,n/a,n/a
RestBlock,122218.999999994,0,n/a,n/a
RestBlock,122352.333333327,0,n/a,n/a
RestBlock,122485.66666666,0,n/a,n/a
RestBlock,122618.999999994,0,n/a,n/a
RestBlock,122752.333333327,0,n/a,n/a
RestBlock,122885.66666666,0,n/a,n/a
RestBlock,123018.999999993,0,n/a,n/a
RestBlock,123152.333333327,0,n/a,n/a
RestBlock,123285.66666666,0,n/a,n/a
RestBlock,123418.999999993,0,n/a,n/a
RestBlock,123552.333333327,0,n/a,n/a
RestBlock,123685.66666666,0,n/a,n/a
RestBlock,123818.999999993,0,n/a,n/a
RestBlock,123952.333333327,0,n/a,n/a
RestBlock,124085.66666666,0,n/a,n/a
RestBlock,124218.999999993,0,n/a,n/a
RestBlock,124352.333333327,0,n/a,n/a
RestBlock,124485.66666666,0,n/a,n/a
RestBlock,124618.999999993,0,n/a,n/a
RestBlock,124752.333333327,0,n/a,n/a
RestBlock,124885.66666666,0,n/a,n/a
RestBlock,125018.999999993,0,n/a,n/a
RestBlock,125152.333333326,0,n/a,n/a
RestBlock,125285.66666666,0,n/a,n/a
RestBlock,125418.999999993,0,n/a,n/a
RestBlock,125552.333333326,0,n/a,n/a
RestBlock,125685.66666666,0,n/a,n/a
RestBlock,125818.999999993,0,n/a,n/a
RestBlock,125952.333333326,0,n/a,n/a
RestBlock,126085.66666666,0,n/a,n/a
RestBlock,126218.999999993,0,n/a,n/a
RestBlock,126352.333333326,0,n/a,n/a
RestBlock,126485.66666666,0,n/a,n/a
RestBlock,126618.999999993,0,n/a,n/a
RestBlock,126752.333333326,0,n/a,n/a
RestBlock,126885.66666666,0,n/a,n/a
RestBlock,127018.999999993,0,n/a,n/a
RestBlock,127152.333333326,0,n/a,n/a
RestBlock,127285.666666659,0,n/a,n/a
RestBlock,127418.999999993,0,n/a,n/a
RestBlock,127552.333333326,0,n/a,n/a
RestBlock,127685.666666659,0,n/a,n/a
RestBlock,127818.999999993,0,n/a,n/a
RestBlock,127952.333333326,0,n/a,n/a
RestBlock,128085.666666659,0,n/a,n/a
RestBlock,128218.999999993,0,n/a,n/a
RestBlock,128352.333333326,0,n/a,n/a
RestBlock,128485.666666659,0,n/a,n/a
RestBlock,128618.999999993,0,n/a,n/a
RestBlock,128752.333333326,0,n/a,n/a
RestBlock,128885.666666659,0,n/a,n/a
RestBlock,129018.999999993,0,n/a,n/a
RestBlock,129152.333333326,0,n/a,n/a
RestBlock,129285.666666659,0,n/a,n/a
RestBlock,129418.999999993,0,n/a,n/a
RestBlock,129552.333333326,0,n/a,n/a
RestBlock,129685.666666659,0,n/a,n/a
RestBlock,129818.999999992,0,n/a,n/a
RestBlock,129952.333333326,0,n/a,n/a
RestBlock,130085.666666659,0,n/a,n/a
RestBlock,130218.999999992,0,n/a,n/a
RestBlock,130352.333333326,0,n/a,n/a
RestBlock,130485.666666659,0,n/a,n/a
RestBlock,130618.999999992,0,n/a,n/a
RestBlock,130752.333333326,0,n/a,n/a
RestBlock,130885.666666659,0,n/a,n/a
RestBlock,131018.999999992,0,n/a,n/a
RestBlock,131152.333333326,0,n/a,n/a
RestBlock,131285.666666659,0,n/a,n/a
RestBlock,131418.999999992,0,n/a,n/a
RestBlock,131552.333333326,0,n/a,n/a
RestBlock,131685.666666659,0,n/a,n/a
RestBlock,131818.999999992,0,n/a,n/a
RestBlock,131952.333333326,0,n/a,n/a
RestBlock,132085.666666659,0,n/a,n/a
RestBlock,132218.999999993,0,n/a,n/a
RestBlock,132352.333333326,0,n/a,n/a
RestBlock,132485.666666659,0,n/a,n/a
RestBlock,132618.999999993,0,n/a,n/a
RestBlock,132752.333333326,0,n/a,n/a
RestBlock,132885.666666659,0,n/a,n/a
RestBlock,133018.999999993,0,n/a,n/a
RestBlock,133152.333333326,0,n/a,n/a
RestBlock,133285.66666666,0,n/a,n/a
RestBlock,133418.999999993,0,n/a,n/a
RestBlock,133552.333333326,0,n/a,n/a
RestBlock,133685.66666666,0,n/a,n/a
RestBlock,133818.999999993,0,n/a,n/a
RestBlock,133952.333333326,0,n/a,n/a
RestBlock,134085.66666666,0,n/a,n/a
RestBlock,134218.999999993,0,n/a,n/a
RestBlock,134352.333333327,0,n/a,n/a
RestBlock,134485.66666666,0,n/a,n/a
RestBlock,134618.999999993,0,n/a,n/a
RestBlock,134752.333333327,0,n/a,n/a
RestBlock,134885.66666666,0,n/a,n/a
RestBlock,135018.999999993,0,n/a,n/a
RestBlock,135152.333333327,0,n/a,n/a
RestBlock,135285.66666666,0,n/a,n/a
RestBlock,135418.999999994,0,n/a,n/a
RestBlock,135552.333333327,0,n/a,n/a
RestBlock,135685.66666666,0,n/a,n/a
DynoBlock,135752.333333327,0.185,2.5,False
DynoBlock,135885.66666666,0.185,2.5,False
DynoBlock,136018.999999994,0.185,2.5,False
DynoBlock,136152.333333327,0.185,2.5,False
DynoBlock,136285.66666666,0.185,2.5,False
DynoBlock,136418.999999994,0.185,2.5,False
DynoBlock,136552.333333327,0.185,2.5,False
DynoBlock,136685.666666661,0.185,2.5,False
DynoBlock,136818.999999994,0.185,2.5,False
DynoBlock,136952.333333327,0.185,2.5,False
DynoBlock,137085.666666661,0.185,2.5,False
DynoBlock,137218.999999994,0.185,2.5,False
DynoBlock,137352.333333327,0.185,2.5,False
DynoBlock,137485.666666661,0.185,2.5,False
DynoBlock,137618.999999994,0.185,2.5,False
DynoBlock,137752.333333328,0.185,2.5,False
DynoBlock,137885.666666661,0.185,2.5,False
DynoBlock,138018.999999994,0.185,2.5,False
DynoBlock,138152.333333328,0.185,2.5,False
DynoBlock,138285.666666661,0.185,2.5,False
DynoBlock,138418.999999994,0.185,2.5,False
DynoBlock,138552.333333328,0.185,2.5,False
DynoBlock,138685.666666661,0.185,2.5,False
DynoBlock,138818.999999995,0.185,2.5,False
DynoBlock,138952.333333328,0.185,2.5,False
DynoBlock,139085.666666661,0.185,2.5,False
DynoBlock,139218.999999995,0.185,2.5,False
DynoBlock,139352.333333328,0.185,2.5,False
DynoBlock,139485.666666661,0.185,2.5,False
DynoBlock,139618.999999995,0.185,2.5,False
DynoBlock,139752.333333328,0.185,2.5,False
DynoBlock,139885.666666662,0.185,2.5,False
DynoBlock,140018.999999995,0.185,2.5,False
DynoBlock,140152.333333328,0.185,2.5,False
DynoBlock,140285.666666662,0.185,2.5,False
DynoBlock,140418.999999995,0.185,2.5,False
DynoBlock,140552.333333328,0.185,2.5,False
DynoBlock,140685.666666662,0.185,2.5,False
DynoBlock,140818.999999995,0.185,2.5,False
DynoBlock,140952.333333328,0.185,2.5,False
DynoBlock,141085.666666662,0.185,2.5,False
DynoBlock,141218.999999995,0.185,2.5,False
DynoBlock,141352.333333329,0.185,2.5,False
DynoBlock,141485.666666662,0.185,2.5,False
DynoBlock,141618.999999995,0.185,2.5,False
DynoBlock,141752.333333329,0.185,2.5,False
DynoBlock,141885.666666662,0.185,2.5,False
DynoBlock,142018.999999995,0.185,2.5,False
DynoBlock,142152.333333329,0.185,2.5,False
DynoBlock,142285.666666662,0.185,2.5,False
DynoBlock,142418.999999996,0.185,2.5,False
DynoBlock,142552.333333329,0.185,2.5,False
DynoBlock,142685.666666662,0.185,2.5,False
DynoBlock,142818.999999996,0.185,2.5,False
DynoBlock,142952.333333329,0.185,2.5,False
DynoBlock,143085.666666662,0.185,2.5,False
DynoBlock,143218.999999996,0.185,2.5,False
DynoBlock,143352.333333329,0.185,2.5,False
DynoBlock,143485.666666663,0.185,2.5,False
DynoBlock,143618.999999996,0.185,2.5,False
DynoBlock,143752.333333329,0.185,2.5,False
DynoBlock,143885.666666663,0.185,2.5,False
DynoBlock,144018.999999996,0.185,2.5,False
DynoBlock,144152.333333329,0.185,2.5,False
DynoBlock,144285.666666663,0.185,2.5,False
DynoBlock,144418.999999996,0.185,2.5,False
DynoBlock,144552.33333333,0.185,2.5,False
DynoBlock,144685.666666663,0.185,2.5,False
DynoBlock,144818.999999996,0.185,2.5,False
DynoBlock,144952.33333333,0.185,2.5,False
DynoBlock,145085.666666663,0.185,2.5,False
DynoBlock,145218.999999996,0.185,2.5,False
DynoBlock,145352.33333333,0.185,2.5,False
DynoBlock,145485.666666663,0.185,2.5,False
DynoBlock,145618.999999997,0.185,2.5,False
DynoBlock,145752.33333333,0.185,2.5,False
DynoBlock,145885.666666663,0.185,2.5,False
DynoBlock,146018.999999997,0.185,2.5,False
DynoBlock,146152.33333333,0.185,2.5,False
DynoBlock,146285.666666663,0.185,2.5,False
DynoBlock,146418.999999997,0.185,2.5,False
DynoBlock,146552.33333333,0.185,2.5,False
DynoBlock,146685.666666663,0.185,2.5,False
DynoBlock,146818.999999997,0.185,2.5,False
DynoBlock,146952.33333333,0.185,2.5,False
DynoBlock,147085.666666664,0.185,2.5,False
DynoBlock,147218.999999997,0.185,2.5,False
DynoBlock,147352.33333333,0.185,2.5,False
DynoBlock,147485.666666664,0.185,2.5,False
DynoBlock,147618.999999997,0.185,2.5,False
DynoBlock,147752.33333333,0.185,2.5,False
DynoBlock,147885.666666664,0.185,2.5,False
DynoBlock,148018.999999997,0.185,2.5,False
DynoBlock,148152.333333331,0.185,2.5,False
DynoBlock,148285.666666664,0.185,2.5,False
DynoBlock,148418.999999997,0.185,2.5,False
DynoBlock,148552.333333331,0.185,2.5,False
DynoBlock,148685.666666664,0.185,2.5,False
DynoBlock,148818.999999997,0.185,2.5,False
DynoBlock,148952.333333331,0.185,2.5,False
DynoBlock,149085.666666664,0.185,2.5,False
DynoBlock,149218.999999998,0.185,2.5,False
DynoBlock,149352.333333331,0.185,2.5,False
DynoBlock,149485.666666664,0.185,2.5,False
DynoBlock,149618.999999998,0.185,2.5,False
DynoBlock,149752.333333331,0.185,2.5,False
DynoBlock,149885.666666664,0.185,2.5,False
DynoBlock,150018.999999998,0.185,2.5,False
DynoBlock,150152.333333331,0.185,2.5,False
DynoBlock,150285.666666665,0.185,2.5,False
DynoBlock,150418.999999998,0.185,2.5,False
DynoBlock,150552.333333331,0.185,2.5,False
DynoBlock,150685.666666665,0.185,2.5,False
RestBlock,150752.333333331,0,n/a,n/a
RestBlock,150885.666666665,0,n/a,n/a
RestBlock,151018.999999998,0,n/a,n/a
RestBlock,151152.333333331,0,n/a,n/a
RestBlock,151285.666666665,0,n/a,n/a
RestBlock,151418.999999998,0,n/a,n/a
RestBlock,151552.333333332,0,n/a,n/a
RestBlock,151685.666666665,0,n/a,n/a
RestBlock,151818.999999998,0,n/a,n/a
RestBlock,151952.333333332,0,n/a,n/a
RestBlock,152085.666666665,0,n/a,n/a
RestBlock,152218.999999998,0,n/a,n/a
RestBlock,152352.333333332,0,n/a,n/a
RestBlock,152485.666666665,0,n/a,n/a
RestBlock,152618.999999999,0,n/a,n/a
RestBlock,152752.333333332,0,n/a,n/a
RestBlock,152885.666666665,0,n/a,n/a
RestBlock,153018.999999999,0,n/a,n/a
RestBlock,153152.333333332,0,n/a,n/a
RestBlock,153285.666666665,0,n/a,n/a
RestBlock,153418.999999999,0,n/a,n/a
RestBlock,153552.333333332,0,n/a,n/a
RestBlock,153685.666666666,0,n/a,n/a
RestBlock,153818.999999999,0,n/a,n/a
RestBlock,153952.333333332,0,n/a,n/a
RestBlock,154085.666666666,0,n/a,n/a
RestBlock,154218.999999999,0,n/a,n/a
RestBlock,154352.333333332,0,n/a,n/a
RestBlock,154485.666666666,0,n/a,n/a
RestBlock,154618.999999999,0,n/a,n/a
RestBlock,154752.333333333,0,n/a,n/a
RestBlock,154885.666666666,0,n/a,n/a
RestBlock,155018.999999999,0,n/a,n/a
RestBlock,155152.333333333,0,n/a,n/a
RestBlock,155285.666666666,0,n/a,n/a
RestBlock,155418.999999999,0,n/a,n/a
RestBlock,155552.333333333,0,n/a,n/a
RestBlock,155685.666666666,0,n/a,n/a
RestBlock,155818.999999999,0,n/a,n/a
RestBlock,155952.333333333,0,n/a,n/a
RestBlock,156085.666666666,0,n/a,n/a
RestBlock,156219,0,n/a,n/a
RestBlock,156352.333333333,0,n/a,n/a
RestBlock,156485.666666666,0,n/a,n/a
RestBlock,156619,0,n/a,n/a
RestBlock,156752.333333333,0,n/a,n/a
RestBlock,156885.666666666,0,n/a,n/a
RestBlock,157019,0,n/a,n/a
RestBlock,157152.333333333,0,n/a,n/a
RestBlock,157285.666666667,0,n/a,n/a
RestBlock,157419,0,n/a,n/a
RestBlock,157552.333333333,0,n/a,n/a
RestBlock,157685.666666667,0,n/a,n/a
RestBlock,157819,0,n/a,n/a
RestBlock,157952.333333333,0,n/a,n/a
RestBlock,158085.666666667,0,n/a,n/a
RestBlock,158219,0,n/a,n/a
RestBlock,158352.333333334,0,n/a,n/a
RestBlock,158485.666666667,0,n/a,n/a
RestBlock,158619,0,n/a,n/a
RestBlock,158752.333333334,0,n/a,n/a
RestBlock,158885.666666667,0,n/a,n/a
RestBlock,159019,0,n/a,n/a
RestBlock,159152.333333334,0,n/a,n/a
RestBlock,159285.666666667,0,n/a,n/a
RestBlock,159419.000000001,0,n/a,n/a
RestBlock,159552.333333334,0,n/a,n/a
RestBlock,159685.666666667,0,n/a,n/a
RestBlock,159819.000000001,0,n/a,n/a
RestBlock,159952.333333334,0,n/a,n/a
RestBlock,160085.666666667,0,n/a,n/a
RestBlock,160219.000000001,0,n/a,n/a
RestBlock,160352.333333334,0,n/a,n/a
RestBlock,160485.666666668,0,n/a,n/a
RestBlock,160619.000000001,0,n/a,n/a
RestBlock,160752.333333334,0,n/a,n/a
RestBlock,160885.666666668,0,n/a,n/a
RestBlock,161019.000000001,0,n/a,n/a
RestBlock,161152.333333334,0,n/a,n/a
RestBlock,161285.666666668,0,n/a,n/a
RestBlock,161419.000000001,0,n/a,n/a
RestBlock,161552.333333334,0,n/a,n/a
RestBlock,161685.666666668,0,n/a,n/a
RestBlock,161819.000000001,0,n/a,n/a
RestBlock,161952.333333335,0,n/a,n/a
RestBlock,162085.666666668,0,n/a,n/a
RestBlock,162219.000000001,0,n/a,n/a
RestBlock,162352.333333335,0,n/a,n/a
RestBlock,162485.666666668,0,n/a,n/a
RestBlock,162619.000000001,0,n/a,n/a
RestBlock,162752.333333335,0,n/a,n/a
RestBlock,162885.666666668,0,n/a,n/a
RestBlock,163019.000000002,0,n/a,n/a
RestBlock,163152.333333335,0,n/a,n/a
RestBlock,163285.666666668,0,n/a,n/a
RestBlock,163419.000000002,0,n/a,n/a
RestBlock,163552.333333335,0,n/a,n/a
RestBlock,163685.666666668,0,n/a,n/a
RestBlock,163819.000000002,0,n/a,n/a
RestBlock,163952.333333335,0,n/a,n/a
RestBlock,164085.666666669,0,n/a,n/a
RestBlock,164219.000000002,0,n/a,n/a
RestBlock,164352.333333335,0,n/a,n/a
RestBlock,164485.666666669,0,n/a,n/a
RestBlock,164619.000000002,0,n/a,n/a
RestBlock,164752.333333335,0,n/a,n/a
RestBlock,164885.666666669,0,n/a,n/a
RestBlock,165019.000000002,0,n/a,n/a
RestBlock,165152.333333336,0,n/a,n/a
RestBlock,165285.666666669,0,n/a,n/a
RestBlock,165419.000000002,0,n/a,n/a
RestBlock,165552.333333336,0,n/a,n/a
RestBlock,165685.666666669,0,n/a,n/a
DynoBlock,165752.333333336,0.185,7.5,False
DynoBlock,165885.666666669,0.185,7.5,False
DynoBlock,166019.000000002,0.185,7.5,False
DynoBlock,166152.333333336,0.185,7.5,False
DynoBlock,166285.666666669,0.185,7.5,False
DynoBlock,166419.000000003,0.185,7.5,False
DynoBlock,166552.333333336,0.185,7.5,False
DynoBlock,166685.666666669,0.185,7.5,False
DynoBlock,166819.000000003,0.185,7.5,False
DynoBlock,166952.333333336,0.185,7.5,False
DynoBlock,167085.666666669,0.185,7.5,False
DynoBlock,167219.000000003,0.185,7.5,False
DynoBlock,167352.333333336,0.185,7.5,False
DynoBlock,167485.66666667,0.185,7.5,False
DynoBlock,167619.000000003,0.185,7.5,False
DynoBlock,167752.333333336,0.185,7.5,False
DynoBlock,167885.66666667,0.185,7.5,False
DynoBlock,168019.000000003,0.185,7.5,False
DynoBlock,168152.333333336,0.185,7.5,False
DynoBlock,168285.66666667,0.185,7.5,False
DynoBlock,168419.000000003,0.185,7.5,False
DynoBlock,168552.333333337,0.185,7.5,False
DynoBlock,168685.66666667,0.185,7.5,False
DynoBlock,168819.000000003,0.185,7.5,False
DynoBlock,168952.333333337,0.185,7.5,False
DynoBlock,169085.66666667,0.185,7.5,False
DynoBlock,169219.000000003,0.185,7.5,False
DynoBlock,169352.333333337,0.185,7.5,False
DynoBlock,169485.66666667,0.185,7.5,False
DynoBlock,169619.000000003,0.185,7.5,False
DynoBlock,169752.333333337,0.185,7.5,False
DynoBlock,169885.66666667,0.185,7.5,False
DynoBlock,170019.000000004,0.185,7.5,False
DynoBlock,170152.333333337,0.185,7.5,False
DynoBlock,170285.66666667,0.185,7.5,False
DynoBlock,170419.000000004,0.185,7.5,False
DynoBlock,170552.333333337,0.185,7.5,False
DynoBlock,170685.66666667,0.185,7.5,False
DynoBlock,170819.000000004,0.185,7.5,False
DynoBlock,170952.333333337,0.185,7.5,False
DynoBlock,171085.666666671,0.185,7.5,False
DynoBlock,171219.000000004,0.185,7.5,False
DynoBlock,171352.333333337,0.185,7.5,False
DynoBlock,171485.666666671,0.185,7.5,False
DynoBlock,171619.000000004,0.185,7.5,False
DynoBlock,171752.333333337,0.185,7.5,False
DynoBlock,171885.666666671,0.185,7.5,False
DynoBlock,172019.000000004,0.185,7.5,False
DynoBlock,172152.333333338,0.185,7.5,False
DynoBlock,172285.666666671,0.185,7.5,False
DynoBlock,172419.000000004,0.185,7.5,False
DynoBlock,172552.333333338,0.185,7.5,False
DynoBlock,172685.666666671,0.185,7.5,False
DynoBlock,172819.000000004,0.185,7.5,False
DynoBlock,172952.333333338,0.185,7.5,False
DynoBlock,173085.666666671,0.185,7.5,False
DynoBlock,173219.000000005,0.185,7.5,False
DynoBlock,173352.333333338,0.185,7.5,False
DynoBlock,173485.666666671,0.185,7.5,False
DynoBlock,173619.000000005,0.185,7.5,False
DynoBlock,173752.333333338,0.185,7.5,False
DynoBlock,173885.666666671,0.185,7.5,False
DynoBlock,174019.000000005,0.185,7.5,False
DynoBlock,174152.333333338,0.185,7.5,False
DynoBlock,174285.666666672,0.185,7.5,False
DynoBlock,174419.000000005,0.185,7.5,False
DynoBlock,174552.333333338,0.185,7.5,False
DynoBlock,174685.666666672,0.185,7.5,False
DynoBlock,174819.000000005,0.185,7.5,False
DynoBlock,174952.333333338,0.185,7.5,False
DynoBlock,175085.666666672,0.185,7.5,False
DynoBlock,175219.000000005,0.185,7.5,False
DynoBlock,175352.333333338,0.185,7.5,False
DynoBlock,175485.666666672,0.185,7.5,False
DynoBlock,175619.000000005,0.185,7.5,False
DynoBlock,175752.333333339,0.185,7.5,False
DynoBlock,175885.666666672,0.185,7.5,False
DynoBlock,176019.000000005,0.185,7.5,False
DynoBlock,176152.333333339,0.185,7.5,False
DynoBlock,176285.666666672,0.185,7.5,False
DynoBlock,176419.000000005,0.185,7.5,False
DynoBlock,176552.333333339,0.185,7.5,False
DynoBlock,176685.666666672,0.185,7.5,False
DynoBlock,176819.000000006,0.185,7.5,False
DynoBlock,176952.333333339,0.185,7.5,False
DynoBlock,177085.666666672,0.185,7.5,False
DynoBlock,177219.000000006,0.185,7.5,False
DynoBlock,177352.333333339,0.185,7.5,False
DynoBlock,177485.666666672,0.185,7.5,False
DynoBlock,177619.000000006,0.185,7.5,False
DynoBlock,177752.333333339,0.185,7.5,False
DynoBlock,177885.666666673,0.185,7.5,False
DynoBlock,178019.000000006,0.185,7.5,False
DynoBlock,178152.333333339,0.185,7.5,False
DynoBlock,178285.666666673,0.185,7.5,False
DynoBlock,178419.000000006,0.185,7.5,False
DynoBlock,178552.333333339,0.185,7.5,False
DynoBlock,178685.666666673,0.185,7.5,False
DynoBlock,178819.000000006,0.185,7.5,False
DynoBlock,178952.33333334,0.185,7.5,False
DynoBlock,179085.666666673,0.185,7.5,False
DynoBlock,179219.000000006,0.185,7.5,False
DynoBlock,179352.33333334,0.185,7.5,False
DynoBlock,179485.666666673,0.185,7.5,False
DynoBlock,179619.000000006,0.185,7.5,False
DynoBlock,179752.33333334,0.185,7.5,False
DynoBlock,179885.666666673,0.185,7.5,False
DynoBlock,180019.000000007,0.185,7.5,False
DynoBlock,180152.33333334,0.185,7.5,False
DynoBlock,180285.666666673,0.185,7.5,False
DynoBlock,180419.000000007,0.185,7.5,False
DynoBlock,180552.33333334,0.185,7.5,False
DynoBlock,180685.666666673,0.185,7.5,False
RestBlock,180752.33333334,0,n/a,n/a
RestBlock,180885.666666673,0,n/a,n/a
RestBlock,181019.000000007,0,n/a,n/a
RestBlock,181152.33333334,0,n/a,n/a
RestBlock,181285.666666674,0,n/a,n/a
RestBlock,181419.000000007,0,n/a,n/a
RestBlock,181552.33333334,0,n/a,n/a
RestBlock,181685.666666674,0,n/a,n/a
RestBlock,181819.000000007,0,n/a,n/a
RestBlock,181952.33333334,0,n/a,n/a
RestBlock,182085.666666674,0,n/a,n/a
RestBlock,182219.000000007,0,n/a,n/a
RestBlock,182352.333333341,0,n/a,n/a
RestBlock,182485.666666674,0,n/a,n/a
RestBlock,182619.000000007,0,n/a,n/a
RestBlock,182752.333333341,0,n/a,n/a
RestBlock,182885.666666674,0,n/a,n/a
RestBlock,183019.000000007,0,n/a,n/a
RestBlock,183152.333333341,0,n/a,n/a
RestBlock,183285.666666674,0,n/a,n/a
RestBlock,183419.000000008,0,n/a,n/a
RestBlock,183552.333333341,0,n/a,n/a
RestBlock,183685.666666674,0,n/a,n/a
RestBlock,183819.000000008,0,n/a,n/a
RestBlock,183952.333333341,0,n/a,n/a
RestBlock,184085.666666674,0,n/a,n/a
RestBlock,184219.000000008,0,n/a,n/a
RestBlock,184352.333333341,0,n/a,n/a
RestBlock,184485.666666674,0,n/a,n/a
RestBlock,184619.000000008,0,n/a,n/a
RestBlock,184752.333333341,0,n/a,n/a
RestBlock,184885.666666675,0,n/a,n/a
RestBlock,185019.000000008,0,n/a,n/a
RestBlock,185152.333333341,0,n/a,n/a
RestBlock,185285.666666675,0,n/a,n/a
RestBlock,185419.000000008,0,n/a,n/a
RestBlock,185552.333333341,0,n/a,n/a
RestBlock,185685.666666675,0,n/a,n/a
RestBlock,185819.000000008,0,n/a,n/a
RestBlock,185952.333333342,0,n/a,n/a
RestBlock,186085.666666675,0,n/a,n/a
RestBlock,186219.000000008,0,n/a,n/a
RestBlock,186352.333333342,0,n/a,n/a
RestBlock,186485.666666675,0,n/a,n/a
RestBlock,186619.000000008,0,n/a,n/a
RestBlock,186752.333333342,0,n/a,n/a
RestBlock,186885.666666675,0,n/a,n/a
RestBlock,187019.000000009,0,n/a,n/a
RestBlock,187152.333333342,0,n/a,n/a
RestBlock,187285.666666675,0,n/a,n/a
RestBlock,187419.000000009,0,n/a,n/a
RestBlock,187552.333333342,0,n/a,n/a
RestBlock,187685.666666675,0,n/a,n/a
RestBlock,187819.000000009,0,n/a,n/a
RestBlock,187952.333333342,0,n/a,n/a
RestBlock,188085.666666676,0,n/a,n/a
RestBlock,188219.000000009,0,n/a,n/a
RestBlock,188352.333333342,0,n/a,n/a
RestBlock,188485.666666676,0,n/a,n/a
RestBlock,188619.000000009,0,n/a,n/a
RestBlock,188752.333333342,0,n/a,n/a
RestBlock,188885.666666676,0,n/a,n/a
RestBlock,189019.000000009,0,n/a,n/a
RestBlock,189152.333333343,0,n/a,n/a
RestBlock,189285.666666676,0,n/a,n/a
RestBlock,189419.000000009,0,n/a,n/a
RestBlock,189552.333333343,0,n/a,n/a
RestBlock,189685.666666676,0,n/a,n/a
RestBlock,189819.000000009,0,n/a,n/a
RestBlock,189952.333333343,0,n/a,n/a
RestBlock,190085.666666676,0,n/a,n/a
RestBlock,190219.000000009,0,n/a,n/a
RestBlock,190352.333333343,0,n/a,n/a
RestBlock,190485.666666676,0,n/a,n/a
RestBlock,190619.00000001,0,n/a,n/a
RestBlock,190752.333333343,0,n/a,n/a
RestBlock,190885.666666676,0,n/a,n/a
RestBlock,191019.00000001,0,n/a,n/a
RestBlock,191152.333333343,0,n/a,n/a
RestBlock,191285.666666676,0,n/a,n/a
RestBlock,191419.00000001,0,n/a,n/a
RestBlock,191552.333333343,0,n/a,n/a
RestBlock,191685.666666677,0,n/a,n/a
RestBlock,191819.00000001,0,n/a,n/a
RestBlock,191952.333333343,0,n/a,n/a
RestBlock,192085.666666677,0,n/a,n/a
RestBlock,192219.00000001,0,n/a,n/a
RestBlock,192352.333333343,0,n/a,n/a
RestBlock,192485.666666677,0,n/a,n/a
RestBlock,192619.00000001,0,n/a,n/a
RestBlock,192752.333333344,0,n/a,n/a
RestBlock,192885.666666677,0,n/a,n/a
RestBlock,193019.00000001,0,n/a,n/a
RestBlock,193152.333333344,0,n/a,n/a
RestBlock,193285.666666677,0,n/a,n/a
RestBlock,193419.00000001,0,n/a,n/a
RestBlock,193552.333333344,0,n/a,n/a
RestBlock,193685.666666677,0,n/a,n/a
RestBlock,193819.000000011,0,n/a,n/a
RestBlock,193952.333333344,0,n/a,n/a
RestBlock,194085.666666677,0,n/a,n/a
RestBlock,194219.000000011,0,n/a,n/a
RestBlock,194352.333333344,0,n/a,n/a
RestBlock,194485.666666677,0,n/a,n/a
RestBlock,194619.000000011,0,n/a,n/a
RestBlock,194752.333333344,0,n/a,n/a
RestBlock,194885.666666678,0,n/a,n/a
RestBlock,195019.000000011,0,n/a,n/a
RestBlock,195152.333333344,0,n/a,n/a
RestBlock,195285.666666678,0,n/a,n/a
RestBlock,195419.000000011,0,n/a,n/a
RestBlock,195552.333333344,0,n/a,n/a
RestBlock,195685.666666678,0,n/a,n/a
DynoBlock,195752.333333344,0.185,2.5,False
DynoBlock,195885.666666678,0.185,2.5,False
DynoBlock,196019.000000011,0.185,2.5,False
DynoBlock,196152.333333345,0.185,2.5,False
DynoBlock,196285.666666678,0.185,2.5,False
DynoBlock,196419.000000011,0.185,2.5,False
DynoBlock,196552.333333345,0.185,2.5,False
DynoBlock,196685.666666678,0.185,2.5,False
DynoBlock,196819.000000011,0.185,2.5,False
DynoBlock,196952.333333345,0.185,2.5,False
DynoBlock,197085.666666678,0.185,2.5,False
DynoBlock,197219.000000012,0.185,2.5,False
DynoBlock,197352.333333345,0.185,2.5,False
DynoBlock,197485.666666678,0.185,2.5,False
DynoBlock,197619.000000012,0.185,2.5,False
DynoBlock,197752.333333345,0.185,2.5,False
DynoBlock,197885.666666678,0.185,2.5,False
DynoBlock,198019.000000012,0.185,2.5,False
DynoBlock,198152.333333345,0.185,2.5,False
DynoBlock,198285.666666679,0.185,2.5,False
DynoBlock,198419.000000012,0.185,2.5,False
DynoBlock,198552.333333345,0.185,2.5,False
DynoBlock,198685.666666679,0.185,2.5,False
DynoBlock,198819.000000012,0.185,2.5,False
DynoBlock,198952.333333345,0.185,2.5,False
DynoBlock,199085.666666679,0.185,2.5,False
DynoBlock,199219.000000012,0.185,2.5,False
DynoBlock,199352.333333345,0.185,2.5,False
DynoBlock,199485.666666679,0.185,2.5,False
DynoBlock,199619.000000012,0.185,2.5,False
DynoBlock,199752.333333346,0.185,2.5,False
DynoBlock,199885.666666679,0.185,2.5,False
DynoBlock,200019.000000012,0.185,2.5,False
DynoBlock,200152.333333346,0.185,2.5,False
DynoBlock,200285.666666679,0.185,2.5,False
DynoBlock,200419.000000012,0.185,2.5,False
DynoBlock,200552.333333346,0.185,2.5,False
DynoBlock,200685.666666679,0.185,2.5,False
DynoBlock,200819.000000013,0.185,2.5,False
DynoBlock,200952.333333346,0.185,2.5,False
DynoBlock,201085.666666679,0.185,2.5,False
DynoBlock,201219.000000013,0.185,2.5,False
DynoBlock,201352.333333346,0.185,2.5,False
DynoBlock,201485.666666679,0.185,2.5,False
DynoBlock,201619.000000013,0.185,2.5,False
DynoBlock,201752.333333346,0.185,2.5,False
DynoBlock,201885.66666668,0.185,2.5,False
DynoBlock,202019.000000013,0.185,2.5,False
DynoBlock,202152.333333346,0.185,2.5,False
DynoBlock,202285.66666668,0.185,2.5,False
DynoBlock,202419.000000013,0.185,2.5,False
DynoBlock,202552.333333346,0.185,2.5,False
DynoBlock,202685.66666668,0.185,2.5,False
DynoBlock,202819.000000013,0.185,2.5,False
DynoBlock,202952.333333347,0.185,2.5,False
DynoBlock,203085.66666668,0.185,2.5,False
DynoBlock,203219.000000013,0.185,2.5,False
DynoBlock,203352.333333347,0.185,2.5,False
DynoBlock,203485.66666668,0.185,2.5,False
DynoBlock,203619.000000013,0.185,2.5,False
DynoBlock,203752.333333347,0.185,2.5,False
DynoBlock,203885.66666668,0.185,2.5,False
DynoBlock,204019.000000014,0.185,2.5,False
DynoBlock,204152.333333347,0.185,2.5,False
DynoBlock,204285.66666668,0.185,2.5,False
DynoBlock,204419.000000014,0.185,2.5,False
DynoBlock,204552.333333347,0.185,2.5,False
DynoBlock,204685.66666668,0.185,2.5,False
DynoBlock,204819.000000014,0.185,2.5,False
DynoBlock,204952.333333347,0.185,2.5,False
DynoBlock,205085.66666668,0.185,2.5,False
DynoBlock,205219.000000014,0.185,2.5,False
DynoBlock,205352.333333347,0.185,2.5,False
DynoBlock,205485.666666681,0.185,2.5,False
DynoBlock,205619.000000014,0.185,2.5,False
DynoBlock,205752.333333347,0.185,2.5,False
DynoBlock,205885.666666681,0.185,2.5,False
DynoBlock,206019.000000014,0.185,2.5,False
DynoBlock,206152.333333347,0.185,2.5,False
DynoBlock,206285.666666681,0.185,2.5,False
DynoBlock,206419.000000014,0.185,2.5,False
DynoBlock,206552.333333348,0.185,2.5,False
DynoBlock,206685.666666681,0.185,2.5,False
DynoBlock,206819.000000014,0.185,2.5,False
DynoBlock,206952.333333348,0.185,2.5,False
DynoBlock,207085.666666681,0.185,2.5,False
DynoBlock,207219.000000014,0.185,2.5,False
DynoBlock,207352.333333348,0.185,2.5,False
DynoBlock,207485.666666681,0.185,2.5,False
DynoBlock,207619.000000015,0.185,2.5,False
DynoBlock,207752.333333348,0.185,2.5,False
DynoBlock,207885.666666681,0.185,2.5,False
DynoBlock,208019.000000015,0.185,2.5,False
DynoBlock,208152.333333348,0.185,2.5,False
DynoBlock,208285.666666681,0.185,2.5,False
DynoBlock,208419.000000015,0.185,2.5,False
DynoBlock,208552.333333348,0.185,2.5,False
DynoBlock,208685.666666682,0.185,2.5,False
DynoBlock,208819.000000015,0.185,2.5,False
DynoBlock,208952.333333348,0.185,2.5,False
DynoBlock,209085.666666682,0.185,2.5,False
DynoBlock,209219.000000015,0.185,2.5,False
DynoBlock,209352.333333348,0.185,2.5,False
DynoBlock,209485.666666682,0.185,2.5,False
DynoBlock,209619.000000015,0.185,2.5,False
DynoBlock,209752.333333349,0.185,2.5,False
DynoBlock,209885.666666682,0.185,2.5,False
DynoBlock,210019.000000015,0.185,2.5,False
DynoBlock,210152.333333349,0.185,2.5,False
DynoBlock,210285.666666682,0.185,2.5,False
DynoBlock,210419.000000015,0.185,2.5,False
DynoBlock,210552.333333349,0.185,2.5,False
DynoBlock,210685.666666682,0.185,2.5,False
RestBlock,210752.333333349,0,n/a,n/a
RestBlock,210885.666666682,0,n/a,n/a
RestBlock,211019.000000016,0,n/a,n/a
RestBlock,211152.333333349,0,n/a,n/a
RestBlock,211285.666666682,0,n/a,n/a
RestBlock,211419.000000016,0,n/a,n/a
RestBlock,211552.333333349,0,n/a,n/a
RestBlock,211685.666666682,0,n/a,n/a
RestBlock,211819.000000016,0,n/a,n/a
RestBlock,211952.333333349,0,n/a,n/a
RestBlock,212085.666666683,0,n/a,n/a
RestBlock,212219.000000016,0,n/a,n/a
RestBlock,212352.333333349,0,n/a,n/a
RestBlock,212485.666666683,0,n/a,n/a
RestBlock,212619.000000016,0,n/a,n/a
RestBlock,212752.333333349,0,n/a,n/a
RestBlock,212885.666666683,0,n/a,n/a
RestBlock,213019.000000016,0,n/a,n/a
RestBlock,213152.33333335,0,n/a,n/a
RestBlock,213285.666666683,0,n/a,n/a
RestBlock,213419.000000016,0,n/a,n/a
RestBlock,213552.33333335,0,n/a,n/a
RestBlock,213685.666666683,0,n/a,n/a
RestBlock,213819.000000016,0,n/a,n/a
RestBlock,213952.33333335,0,n/a,n/a
RestBlock,214085.666666683,0,n/a,n/a
RestBlock,214219.000000016,0,n/a,n/a
RestBlock,214352.33333335,0,n/a,n/a
RestBlock,214485.666666683,0,n/a,n/a
RestBlock,214619.000000017,0,n/a,n/a
RestBlock,214752.33333335,0,n/a,n/a
RestBlock,214885.666666683,0,n/a,n/a
RestBlock,215019.000000017,0,n/a,n/a
RestBlock,215152.33333335,0,n/a,n/a
RestBlock,215285.666666683,0,n/a,n/a
RestBlock,215419.000000017,0,n/a,n/a
RestBlock,215552.33333335,0,n/a,n/a
RestBlock,215685.666666684,0,n/a,n/a
RestBlock,215819.000000017,0,n/a,n/a
RestBlock,215952.33333335,0,n/a,n/a
RestBlock,216085.666666684,0,n/a,n/a
RestBlock,216219.000000017,0,n/a,n/a
RestBlock,216352.33333335,0,n/a,n/a
RestBlock,216485.666666684,0,n/a,n/a
RestBlock,216619.000000017,0,n/a,n/a
RestBlock,216752.333333351,0,n/a,n/a
RestBlock,216885.666666684,0,n/a,n/a
RestBlock,217019.000000017,0,n/a,n/a
RestBlock,217152.333333351,0,n/a,n/a
RestBlock,217285.666666684,0,n/a,n/a
RestBlock,217419.000000017,0,n/a,n/a
RestBlock,217552.333333351,0,n/a,n/a
RestBlock,217685.666666684,0,n/a,n/a
RestBlock,217819.000000018,0,n/a,n/a
RestBlock,217952.333333351,0,n/a,n/a
RestBlock,218085.666666684,0,n/a,n/a
RestBlock,218219.000000018,0,n/a,n/a
RestBlock,218352.333333351,0,n/a,n/a
RestBlock,218485.666666684,0,n/a,n/a
RestBlock,218619.000000018,0,n/a,n/a
RestBlock,218752.333333351,0,n/a,n/a
RestBlock,218885.666666685,0,n/a,n/a
RestBlock,219019.000000018,0,n/a,n/a
RestBlock,219152.333333351,0,n/a,n/a
RestBlock,219285.666666685,0,n/a,n/a
RestBlock,219419.000000018,0,n/a,n/a
RestBlock,219552.333333351,0,n/a,n/a
RestBlock,219685.666666685,0,n/a,n/a
RestBlock,219819.000000018,0,n/a,n/a
RestBlock,219952.333333351,0,n/a,n/a
RestBlock,220085.666666685,0,n/a,n/a
RestBlock,220219.000000018,0,n/a,n/a
RestBlock,220352.333333352,0,n/a,n/a
RestBlock,220485.666666685,0,n/a,n/a
RestBlock,220619.000000018,0,n/a,n/a
RestBlock,220752.333333352,0,n/a,n/a
RestBlock,220885.666666685,0,n/a,n/a
RestBlock,221019.000000018,0,n/a,n/a
RestBlock,221152.333333352,0,n/a,n/a
RestBlock,221285.666666685,0,n/a,n/a
RestBlock,221419.000000019,0,n/a,n/a
RestBlock,221552.333333352,0,n/a,n/a
RestBlock,221685.666666685,0,n/a,n/a
RestBlock,221819.000000019,0,n/a,n/a
RestBlock,221952.333333352,0,n/a,n/a
RestBlock,222085.666666685,0,n/a,n/a
RestBlock,222219.000000019,0,n/a,n/a
RestBlock,222352.333333352,0,n/a,n/a
RestBlock,222485.666666686,0,n/a,n/a
RestBlock,222619.000000019,0,n/a,n/a
RestBlock,222752.333333352,0,n/a,n/a
RestBlock,222885.666666686,0,n/a,n/a
RestBlock,223019.000000019,0,n/a,n/a
RestBlock,223152.333333352,0,n/a,n/a
RestBlock,223285.666666686,0,n/a,n/a
RestBlock,223419.000000019,0,n/a,n/a
RestBlock,223552.333333353,0,n/a,n/a
RestBlock,223685.666666686,0,n/a,n/a
RestBlock,223819.000000019,0,n/a,n/a
RestBlock,223952.333333353,0,n/a,n/a
RestBlock,224085.666666686,0,n/a,n/a
RestBlock,224219.000000019,0,n/a,n/a
RestBlock,224352.333333353,0,n/a,n/a
RestBlock,224485.666666686,0,n/a,n/a
RestBlock,224619.00000002,0,n/a,n/a
RestBlock,224752.333333353,0,n/a,n/a
RestBlock,224885.666666686,0,n/a,n/a
RestBlock,225019.00000002,0,n/a,n/a
RestBlock,225152.333333353,0,n/a,n/a
RestBlock,225285.666666686,0,n/a,n/a
RestBlock,225419.00000002,0,n/a,n/a
RestBlock,225552.333333353,0,n/a,n/a
RestBlock,225685.666666686,0,n/a,n/a
DynoBlock,225752.333333353,0.185,5,False
DynoBlock,225885.666666687,0.185,5,False
DynoBlock,226019.00000002,0.185,5,False
DynoBlock,226152.333333353,0.185,5,False
DynoBlock,226285.666666687,0.185,5,False
DynoBlock,226419.00000002,0.185,5,False
DynoBlock,226552.333333353,0.185,5,False
DynoBlock,226685.666666687,0.185,5,False
DynoBlock,226819.00000002,0.185,5,False
DynoBlock,226952.333333354,0.185,5,False
DynoBlock,227085.666666687,0.185,5,False
DynoBlock,227219.00000002,0.185,5,False
DynoBlock,227352.333333354,0.185,5,False
DynoBlock,227485.666666687,0.185,5,False
DynoBlock,227619.00000002,0.185,5,False
DynoBlock,227752.333333354,0.185,5,False
DynoBlock,227885.666666687,0.185,5,False
DynoBlock,228019.00000002,0.185,5,False
DynoBlock,228152.333333354,0.185,5,False
DynoBlock,228285.666666687,0.185,5,False
DynoBlock,228419.000000021,0.185,5,False
DynoBlock,228552.333333354,0.185,5,False
DynoBlock,228685.666666687,0.185,5,False
DynoBlock,228819.000000021,0.185,5,False
DynoBlock,228952.333333354,0.185,5,False
DynoBlock,229085.666666687,0.185,5,False
DynoBlock,229219.000000021,0.185,5,False
DynoBlock,229352.333333354,0.185,5,False
DynoBlock,229485.666666688,0.185,5,False
DynoBlock,229619.000000021,0.185,5,False
DynoBlock,229752.333333354,0.185,5,False
DynoBlock,229885.666666688,0.185,5,False
DynoBlock,230019.000000021,0.185,5,False
DynoBlock,230152.333333354,0.185,5,False
DynoBlock,230285.666666688,0.185,5,False
DynoBlock,230419.000000021,0.185,5,False
DynoBlock,230552.333333355,0.185,5,False
DynoBlock,230685.666666688,0.185,5,False
DynoBlock,230819.000000021,0.185,5,False
DynoBlock,230952.333333355,0.185,5,False
DynoBlock,231085.666666688,0.185,5,False
DynoBlock,231219.000000021,0.185,5,False
DynoBlock,231352.333333355,0.185,5,False
DynoBlock,231485.666666688,0.185,5,False
DynoBlock,231619.000000022,0.185,5,False
DynoBlock,231752.333333355,0.185,5,False
DynoBlock,231885.666666688,0.185,5,False
DynoBlock,232019.000000022,0.185,5,False
DynoBlock,232152.333333355,0.185,5,False
DynoBlock,232285.666666688,0.185,5,False
DynoBlock,232419.000000022,0.185,5,False
DynoBlock,232552.333333355,0.185,5,False
DynoBlock,232685.666666689,0.185,5,False
DynoBlock,232819.000000022,0.185,5,False
DynoBlock,232952.333333355,0.185,5,False
DynoBlock,233085.666666689,0.185,5,False
DynoBlock,233219.000000022,0.185,5,False
DynoBlock,233352.333333355,0.185,5,False
DynoBlock,233485.666666689,0.185,5,False
DynoBlock,233619.000000022,0.185,5,False
DynoBlock,233752.333333355,0.185,5,False
DynoBlock,233885.666666689,0.185,5,False
DynoBlock,234019.000000022,0.185,5,False
DynoBlock,234152.333333356,0.185,5,False
DynoBlock,234285.666666689,0.185,5,False
DynoBlock,234419.000000022,0.185,5,False
DynoBlock,234552.333333356,0.185,5,False
DynoBlock,234685.666666689,0.185,5,False
DynoBlock,234819.000000022,0.185,5,False
DynoBlock,234952.333333356,0.185,5,False
DynoBlock,235085.666666689,0.185,5,False
DynoBlock,235219.000000023,0.185,5,False
DynoBlock,235352.333333356,0.185,5,False
DynoBlock,235485.666666689,0.185,5,False
DynoBlock,235619.000000023,0.185,5,False
DynoBlock,235752.333333356,0.185,5,False
DynoBlock,235885.666666689,0.185,5,False
DynoBlock,236019.000000023,0.185,5,False
DynoBlock,236152.333333356,0.185,5,False
DynoBlock,236285.66666669,0.185,5,False
DynoBlock,236419.000000023,0.185,5,False
DynoBlock,236552.333333356,0.185,5,False
DynoBlock,236685.66666669,0.185,5,False
DynoBlock,236819.000000023,0.185,5,False
DynoBlock,236952.333333356,0.185,5,False
DynoBlock,237085.66666669,0.185,5,False
DynoBlock,237219.000000023,0.185,5,False
DynoBlock,237352.333333357,0.185,5,False
DynoBlock,237485.66666669,0.185,5,False
DynoBlock,237619.000000023,0.185,5,False
DynoBlock,237752.333333357,0.185,5,False
DynoBlock,237885.66666669,0.185,5,False
DynoBlock,238019.000000023,0.185,5,False
DynoBlock,238152.333333357,0.185,5,False
DynoBlock,238285.66666669,0.185,5,False
DynoBlock,238419.000000024,0.185,5,False
DynoBlock,238552.333333357,0.185,5,False
DynoBlock,238685.66666669,0.185,5,False
DynoBlock,238819.000000024,0.185,5,False
DynoBlock,238952.333333357,0.185,5,False
DynoBlock,239085.66666669,0.185,5,False
DynoBlock,239219.000000024,0.185,5,False
DynoBlock,239352.333333357,0.185,5,False
DynoBlock,239485.66666669,0.185,5,False
DynoBlock,239619.000000024,0.185,5,False
DynoBlock,239752.333333357,0.185,5,False
DynoBlock,239885.666666691,0.185,5,False
DynoBlock,240019.000000024,0.185,5,False
DynoBlock,240152.333333357,0.185,5,False
DynoBlock,240285.666666691,0.185,5,False
DynoBlock,240419.000000024,0.185,5,False
DynoBlock,240552.333333357,0.185,5,False
DynoBlock,240685.666666691,0.185,5,False
RestBlock,240752.333333358,0,n/a,n/a
RestBlock,240885.666666691,0,n/a,n/a
RestBlock,241019.000000024,0,n/a,n/a
RestBlock,241152.333333358,0,n/a,n/a
RestBlock,241285.666666691,0,n/a,n/a
RestBlock,241419.000000024,0,n/a,n/a
RestBlock,241552.333333358,0,n/a,n/a
RestBlock,241685.666666691,0,n/a,n/a
RestBlock,241819.000000025,0,n/a,n/a
RestBlock,241952.333333358,0,n/a,n/a
RestBlock,242085.666666691,0,n/a,n/a
RestBlock,242219.000000025,0,n/a,n/a
RestBlock,242352.333333358,0,n/a,n/a
RestBlock,242485.666666691,0,n/a,n/a
RestBlock,242619.000000025,0,n/a,n/a
RestBlock,242752.333333358,0,n/a,n/a
RestBlock,242885.666666691,0,n/a,n/a
RestBlock,243019.000000025,0,n/a,n/a
RestBlock,243152.333333358,0,n/a,n/a
RestBlock,243285.666666692,0,n/a,n/a
RestBlock,243419.000000025,0,n/a,n/a
RestBlock,243552.333333358,0,n/a,n/a
RestBlock,243685.666666692,0,n/a,n/a
RestBlock,243819.000000025,0,n/a,n/a
RestBlock,243952.333333358,0,n/a,n/a
RestBlock,244085.666666692,0,n/a,n/a
RestBlock,244219.000000025,0,n/a,n/a
RestBlock,244352.333333359,0,n/a,n/a
RestBlock,244485.666666692,0,n/a,n/a
RestBlock,244619.000000025,0,n/a,n/a
RestBlock,244752.333333359,0,n/a,n/a
RestBlock,244885.666666692,0,n/a,n/a
RestBlock,245019.000000025,0,n/a,n/a
RestBlock,245152.333333359,0,n/a,n/a
RestBlock,245285.666666692,0,n/a,n/a
RestBlock,245419.000000026,0,n/a,n/a
RestBlock,245552.333333359,0,n/a,n/a
RestBlock,245685.666666692,0,n/a,n/a
RestBlock,245819.000000026,0,n/a,n/a
RestBlock,245952.333333359,0,n/a,n/a
RestBlock,246085.666666692,0,n/a,n/a
RestBlock,246219.000000026,0,n/a,n/a
RestBlock,246352.333333359,0,n/a,n/a
RestBlock,246485.666666693,0,n/a,n/a
RestBlock,246619.000000026,0,n/a,n/a
RestBlock,246752.333333359,0,n/a,n/a
RestBlock,246885.666666693,0,n/a,n/a
RestBlock,247019.000000026,0,n/a,n/a
RestBlock,247152.333333359,0,n/a,n/a
RestBlock,247285.666666693,0,n/a,n/a
RestBlock,247419.000000026,0,n/a,n/a
RestBlock,247552.33333336,0,n/a,n/a
RestBlock,247685.666666693,0,n/a,n/a
RestBlock,247819.000000026,0,n/a,n/a
RestBlock,247952.33333336,0,n/a,n/a
RestBlock,248085.666666693,0,n/a,n/a
RestBlock,248219.000000026,0,n/a,n/a
RestBlock,248352.33333336,0,n/a,n/a
RestBlock,248485.666666693,0,n/a,n/a
RestBlock,248619.000000026,0,n/a,n/a
RestBlock,248752.33333336,0,n/a,n/a
RestBlock,248885.666666693,0,n/a,n/a
RestBlock,249019.000000027,0,n/a,n/a
RestBlock,249152.33333336,0,n/a,n/a
RestBlock,249285.666666693,0,n/a,n/a
RestBlock,249419.000000027,0,n/a,n/a
RestBlock,249552.33333336,0,n/a,n/a
RestBlock,249685.666666693,0,n/a,n/a
RestBlock,249819.000000027,0,n/a,n/a
RestBlock,249952.33333336,0,n/a,n/a
RestBlock,250085.666666694,0,n/a,n/a
RestBlock,250219.000000027,0,n/a,n/a
RestBlock,250352.33333336,0,n/a,n/a
RestBlock,250485.666666694,0,n/a,n/a
RestBlock,250619.000000027,0,n/a,n/a
RestBlock,250752.33333336,0,n/a,n/a
RestBlock,250885.666666694,0,n/a,n/a
RestBlock,251019.000000027,0,n/a,n/a
RestBlock,251152.333333361,0,n/a,n/a
RestBlock,251285.666666694,0,n/a,n/a
RestBlock,251419.000000027,0,n/a,n/a
RestBlock,251552.333333361,0,n/a,n/a
RestBlock,251685.666666694,0,n/a,n/a
RestBlock,251819.000000027,0,n/a,n/a
RestBlock,251952.333333361,0,n/a,n/a
RestBlock,252085.666666694,0,n/a,n/a
RestBlock,252219.000000028,0,n/a,n/a
RestBlock,252352.333333361,0,n/a,n/a
RestBlock,252485.666666694,0,n/a,n/a
RestBlock,252619.000000028,0,n/a,n/a
RestBlock,252752.333333361,0,n/a,n/a
RestBlock,252885.666666694,0,n/a,n/a
RestBlock,253019.000000028,0,n/a,n/a
RestBlock,253152.333333361,0,n/a,n/a
RestBlock,253285.666666695,0,n/a,n/a
RestBlock,253419.000000028,0,n/a,n/a
RestBlock,253552.333333361,0,n/a,n/a
RestBlock,253685.666666695,0,n/a,n/a
RestBlock,253819.000000028,0,n/a,n/a
RestBlock,253952.333333361,0,n/a,n/a
RestBlock,254085.666666695,0,n/a,n/a
RestBlock,254219.000000028,0,n/a,n/a
RestBlock,254352.333333361,0,n/a,n/a
RestBlock,254485.666666695,0,n/a,n/a
RestBlock,254619.000000028,0,n/a,n/a
RestBlock,254752.333333362,0,n/a,n/a
RestBlock,254885.666666695,0,n/a,n/a
RestBlock,255019.000000028,0,n/a,n/a
RestBlock,255152.333333362,0,n/a,n/a
RestBlock,255285.666666695,0,n/a,n/a
RestBlock,255419.000000028,0,n/a,n/a
RestBlock,255552.333333362,0,n/a,n/a
RestBlock,255685.666666695,0,n/a,n/a
DynoBlock,255752.333333362,0.185,7.5,False
DynoBlock,255885.666666695,0.185,7.5,False
DynoBlock,256019.000000029,0.185,7.5,False
DynoBlock,256152.333333362,0.185,7.5,False
DynoBlock,256285.666666695,0.185,7.5,False
DynoBlock,256419.000000029,0.185,7.5,False
DynoBlock,256552.333333362,0.185,7.5,False
DynoBlock,256685.666666696,0.185,7.5,False
DynoBlock,256819.000000029,0.185,7.5,False
DynoBlock,256952.333333362,0.185,7.5,False
DynoBlock,257085.666666696,0.185,7.5,False
DynoBlock,257219.000000029,0.185,7.5,False
DynoBlock,257352.333333362,0.185,7.5,False
DynoBlock,257485.666666696,0.185,7.5,False
DynoBlock,257619.000000029,0.185,7.5,False
DynoBlock,257752.333333362,0.185,7.5,False
DynoBlock,257885.666666696,0.185,7.5,False
DynoBlock,258019.000000029,0.185,7.5,False
DynoBlock,258152.333333363,0.185,7.5,False
DynoBlock,258285.666666696,0.185,7.5,False
DynoBlock,258419.000000029,0.185,7.5,False
DynoBlock,258552.333333363,0.185,7.5,False
DynoBlock,258685.666666696,0.185,7.5,False
DynoBlock,258819.000000029,0.185,7.5,False
DynoBlock,258952.333333363,0.185,7.5,False
DynoBlock,259085.666666696,0.185,7.5,False
DynoBlock,259219.00000003,0.185,7.5,False
DynoBlock,259352.333333363,0.185,7.5,False
DynoBlock,259485.666666696,0.185,7.5,False
DynoBlock,259619.00000003,0.185,7.5,False
DynoBlock,259752.333333363,0.185,7.5,False
DynoBlock,259885.666666696,0.185,7.5,False
DynoBlock,260019.00000003,0.185,7.5,False
DynoBlock,260152.333333363,0.185,7.5,False
DynoBlock,260285.666666697,0.185,7.5,False
DynoBlock,260419.00000003,0.185,7.5,False
DynoBlock,260552.333333363,0.185,7.5,False
DynoBlock,260685.666666697,0.185,7.5,False
DynoBlock,260819.00000003,0.185,7.5,False
DynoBlock,260952.333333363,0.185,7.5,False
DynoBlock,261085.666666697,0.185,7.5,False
DynoBlock,261219.00000003,0.185,7.5,False
DynoBlock,261352.333333364,0.185,7.5,False
DynoBlock,261485.666666697,0.185,7.5,False
